"indicador";"País";"Años";"valor";"notas";"fuente";""
"Tipo de cambio nominal";"Argentina";"1980";"1.83716e-8";"[6255]";"[1277]"
"Tipo de cambio nominal";"Argentina";"1981";"4.40269e-8";"[6255]";"[1277]"
"Tipo de cambio nominal";"Argentina";"1982";"2.59225e-7";"[6255]";"[1277]"
"Tipo de cambio nominal";"Argentina";"1983";"0.000001053";"[6255]";"[1277]"
"Tipo de cambio nominal";"Argentina";"1984";"0.00000676491";"[6255]";"[1277]"
"Tipo de cambio nominal";"Argentina";"1985";"0.0000601809";"[6255]";"[1277]"
"Tipo de cambio nominal";"Argentina";"1986";"0.0000943032";"[6255]";"[1277]"
"Tipo de cambio nominal";"Argentina";"1987";"0.00021443";"[6255]";"[1277]"
"Tipo de cambio nominal";"Argentina";"1988";"0.00087526";"[6255]";"[1277]"
"Tipo de cambio nominal";"Argentina";"1989";"0.042334";"[6255]";"[1277]"
"Tipo de cambio nominal";"Argentina";"1990";"0.487589";"[6255]";"[1277]"
"Tipo de cambio nominal";"Argentina";"1991";"0.953554";"[6255]";"[1277]"
"Tipo de cambio nominal";"Argentina";"1992";"0.990642";"[6255]";"[1277]"
"Tipo de cambio nominal";"Argentina";"1993";"0.998946";"[6255]";"[1277]"
"Tipo de cambio nominal";"Argentina";"1994";"0.999008";"[6255]";"[1277]"
"Tipo de cambio nominal";"Argentina";"1995";"0.99975";"[6255]";"[1277]"
"Tipo de cambio nominal";"Argentina";"1996";"0.999662";"[6255]";"[1277]"
"Tipo de cambio nominal";"Argentina";"1997";"0.9995";"[6255]";"[1277]"
"Tipo de cambio nominal";"Argentina";"1998";"0.9995";"[6255]";"[1277]"
"Tipo de cambio nominal";"Argentina";"1999";"0.9995";"[6255]";"[1277]"
"Tipo de cambio nominal";"Argentina";"2000";"0.9995";"[6255]";"[1277]"
"Tipo de cambio nominal";"Argentina";"2001";"0.9995";"[6255]";"[1277]"
"Tipo de cambio nominal";"Argentina";"2002";"3.06326";"[6255]";"[1277]"
"Tipo de cambio nominal";"Argentina";"2003";"2.90063";"[6255]";"[1277]"
"Tipo de cambio nominal";"Argentina";"2004";"2.9233";"[6255]";"[1277]"
"Tipo de cambio nominal";"Argentina";"2005";"2.90366";"[6255]";"[1277]"
"Tipo de cambio nominal";"Argentina";"2006";"3.05431";"[6255]";"[1277]"
"Tipo de cambio nominal";"Argentina";"2007";"3.09565";"[6255]";"[1277]"
"Tipo de cambio nominal";"Argentina";"2008";"3.14416";"[6255]";"[1277]"
"Tipo de cambio nominal";"Argentina";"2009";"3.71011";"[6255]";"[1277]"
"Tipo de cambio nominal";"Argentina";"2010";"3.89629416666667";"[6255]";"[1277]"
"Tipo de cambio nominal";"Argentina";"2011";"4.11013957621326";"[6255]";"[1277]"
"Tipo de cambio nominal";"Argentina";"2012";"4.53693416666667";"[6255]";"[1277]"
"Tipo de cambio nominal";"Argentina";"2013";"5.45935266465704";"[6255]";"[1277]"
"Tipo de cambio nominal";"Argentina";"2014";"8.07527599281334";"[6255]";"[1277]"
"Tipo de cambio nominal";"Argentina";"2015";"9.23318552472429";"[6255]";"[1277]"
"Tipo de cambio nominal";"Antigua y Barbuda";"1980";"2.7";"[6251]";"[1277]"
"Tipo de cambio nominal";"Antigua y Barbuda";"1981";"2.7";"[6251]";"[1277]"
"Tipo de cambio nominal";"Antigua y Barbuda";"1982";"2.7";"[6251]";"[1277]"
"Tipo de cambio nominal";"Antigua y Barbuda";"1983";"2.7";"[6251]";"[1277]"
"Tipo de cambio nominal";"Antigua y Barbuda";"1984";"2.7";"[6251]";"[1277]"
"Tipo de cambio nominal";"Antigua y Barbuda";"1985";"2.7";"[6251]";"[1277]"
"Tipo de cambio nominal";"Antigua y Barbuda";"1986";"2.7";"[6251]";"[1277]"
"Tipo de cambio nominal";"Antigua y Barbuda";"1987";"2.7";"[6251]";"[1277]"
"Tipo de cambio nominal";"Antigua y Barbuda";"1988";"2.7";"[6251]";"[1277]"
"Tipo de cambio nominal";"Antigua y Barbuda";"1989";"2.7";"[6251]";"[1277]"
"Tipo de cambio nominal";"Antigua y Barbuda";"1990";"2.7";"[6251]";"[1277]"
"Tipo de cambio nominal";"Antigua y Barbuda";"1991";"2.7";"[6251]";"[1277]"
"Tipo de cambio nominal";"Antigua y Barbuda";"1992";"2.7";"[6251]";"[1277]"
"Tipo de cambio nominal";"Antigua y Barbuda";"1993";"2.7";"[6251]";"[1277]"
"Tipo de cambio nominal";"Antigua y Barbuda";"1994";"2.7";"[6251]";"[1277]"
"Tipo de cambio nominal";"Antigua y Barbuda";"1995";"2.7";"[6251]";"[1277]"
"Tipo de cambio nominal";"Antigua y Barbuda";"1996";"2.7";"[6251]";"[1277]"
"Tipo de cambio nominal";"Antigua y Barbuda";"1997";"2.7";"[6251]";"[1277]"
"Tipo de cambio nominal";"Antigua y Barbuda";"1998";"2.7";"[6251]";"[1277]"
"Tipo de cambio nominal";"Antigua y Barbuda";"1999";"2.7";"[6251]";"[1277]"
"Tipo de cambio nominal";"Antigua y Barbuda";"2000";"2.7";"[6251]";"[1277]"
"Tipo de cambio nominal";"Antigua y Barbuda";"2001";"2.7";"[6251]";"[1277]"
"Tipo de cambio nominal";"Antigua y Barbuda";"2002";"2.7";"[6251]";"[1277]"
"Tipo de cambio nominal";"Antigua y Barbuda";"2003";"2.7";"[6251]";"[1277]"
"Tipo de cambio nominal";"Antigua y Barbuda";"2004";"2.7";"[6251]";"[1277]"
"Tipo de cambio nominal";"Antigua y Barbuda";"2005";"2.7";"[6251]";"[1277]"
"Tipo de cambio nominal";"Antigua y Barbuda";"2006";"2.7";"[6251]";"[1277]"
"Tipo de cambio nominal";"Antigua y Barbuda";"2007";"2.7";"[6251]";"[1277]"
"Tipo de cambio nominal";"Antigua y Barbuda";"2008";"2.7";"[6251]";"[1277]"
"Tipo de cambio nominal";"Antigua y Barbuda";"2009";"2.7";"[6251]";"[1277]"
"Tipo de cambio nominal";"Antigua y Barbuda";"2010";"2.7";"[6251]";"[1277]"
"Tipo de cambio nominal";"Antigua y Barbuda";"2011";"2.7";"[6251]";"[1277]"
"Tipo de cambio nominal";"Antigua y Barbuda";"2012";"2.7";"[6251]";"[1277]"
"Tipo de cambio nominal";"Antigua y Barbuda";"2013";"2.7";"[6251]";"[1277]"
"Tipo de cambio nominal";"Antigua y Barbuda";"2014";"2.7";"[6251]";"[1277]"
"Tipo de cambio nominal";"Antigua y Barbuda";"2015";"2.7";"[6251]";"[1277]"
"Tipo de cambio nominal";"Bahamas";"1980";"1";"[6250]";"[1277]"
"Tipo de cambio nominal";"Bahamas";"1981";"1";"[6250]";"[1277]"
"Tipo de cambio nominal";"Bahamas";"1982";"1";"[6250]";"[1277]"
"Tipo de cambio nominal";"Bahamas";"1983";"1";"[6250]";"[1277]"
"Tipo de cambio nominal";"Bahamas";"1984";"1";"[6250]";"[1277]"
"Tipo de cambio nominal";"Bahamas";"1985";"1";"[6250]";"[1277]"
"Tipo de cambio nominal";"Bahamas";"1986";"1";"[6250]";"[1277]"
"Tipo de cambio nominal";"Bahamas";"1987";"1";"[6250]";"[1277]"
"Tipo de cambio nominal";"Bahamas";"1988";"1";"[6250]";"[1277]"
"Tipo de cambio nominal";"Bahamas";"1989";"1";"[6250]";"[1277]"
"Tipo de cambio nominal";"Bahamas";"1990";"1";"[6250]";"[1277]"
"Tipo de cambio nominal";"Bahamas";"1991";"1";"[6250]";"[1277]"
"Tipo de cambio nominal";"Bahamas";"1992";"1";"[6250]";"[1277]"
"Tipo de cambio nominal";"Bahamas";"1993";"1";"[6250]";"[1277]"
"Tipo de cambio nominal";"Bahamas";"1994";"1";"[6250]";"[1277]"
"Tipo de cambio nominal";"Bahamas";"1995";"1";"[6250]";"[1277]"
"Tipo de cambio nominal";"Bahamas";"1996";"1";"[6250]";"[1277]"
"Tipo de cambio nominal";"Bahamas";"1997";"1";"[6250]";"[1277]"
"Tipo de cambio nominal";"Bahamas";"1998";"1";"[6250]";"[1277]"
"Tipo de cambio nominal";"Bahamas";"1999";"1";"[6250]";"[1277]"
"Tipo de cambio nominal";"Bahamas";"2000";"1";"[6250]";"[1277]"
"Tipo de cambio nominal";"Bahamas";"2001";"1";"[6250]";"[1277]"
"Tipo de cambio nominal";"Bahamas";"2002";"1";"[6250]";"[1277]"
"Tipo de cambio nominal";"Bahamas";"2003";"1";"[6250]";"[1277]"
"Tipo de cambio nominal";"Bahamas";"2004";"1";"[6250]";"[1277]"
"Tipo de cambio nominal";"Bahamas";"2005";"1";"[6250]";"[1277]"
"Tipo de cambio nominal";"Bahamas";"2006";"1";"[6250]";"[1277]"
"Tipo de cambio nominal";"Bahamas";"2007";"1";"[6250]";"[1277]"
"Tipo de cambio nominal";"Bahamas";"2008";"1";"[6250]";"[1277]"
"Tipo de cambio nominal";"Bahamas";"2009";"1";"[6250]";"[1277]"
"Tipo de cambio nominal";"Bahamas";"2010";"1";"[6250]";"[1277]"
"Tipo de cambio nominal";"Bahamas";"2011";"1";"[6250]";"[1277]"
"Tipo de cambio nominal";"Bahamas";"2012";"1";"[6250]";"[1277]"
"Tipo de cambio nominal";"Bahamas";"2013";"1";"[6250]";"[1277]"
"Tipo de cambio nominal";"Bahamas";"2014";"1";"[6250]";"[1277]"
"Tipo de cambio nominal";"Bahamas";"2015";"1";"[6250]";"[1277]"
"Tipo de cambio nominal";"Belice";"1980";"2";"[6245]";"[1277]"
"Tipo de cambio nominal";"Belice";"1981";"2";"[6245]";"[1277]"
"Tipo de cambio nominal";"Belice";"1982";"2";"[6245]";"[1277]"
"Tipo de cambio nominal";"Belice";"1983";"2";"[6245]";"[1277]"
"Tipo de cambio nominal";"Belice";"1984";"2";"[6245]";"[1277]"
"Tipo de cambio nominal";"Belice";"1985";"2";"[6245]";"[1277]"
"Tipo de cambio nominal";"Belice";"1986";"2";"[6245]";"[1277]"
"Tipo de cambio nominal";"Belice";"1987";"2";"[6245]";"[1277]"
"Tipo de cambio nominal";"Belice";"1988";"2";"[6245]";"[1277]"
"Tipo de cambio nominal";"Belice";"1989";"2";"[6245]";"[1277]"
"Tipo de cambio nominal";"Belice";"1990";"2";"[6245]";"[1277]"
"Tipo de cambio nominal";"Belice";"1991";"2";"[6245]";"[1277]"
"Tipo de cambio nominal";"Belice";"1992";"2";"[6245]";"[1277]"
"Tipo de cambio nominal";"Belice";"1993";"2";"[6245]";"[1277]"
"Tipo de cambio nominal";"Belice";"1994";"2";"[6245]";"[1277]"
"Tipo de cambio nominal";"Belice";"1995";"2";"[6245]";"[1277]"
"Tipo de cambio nominal";"Belice";"1996";"2";"[6245]";"[1277]"
"Tipo de cambio nominal";"Belice";"1997";"2";"[6245]";"[1277]"
"Tipo de cambio nominal";"Belice";"1998";"2";"[6245]";"[1277]"
"Tipo de cambio nominal";"Belice";"1999";"2";"[6245]";"[1277]"
"Tipo de cambio nominal";"Belice";"2000";"2";"[6245]";"[1277]"
"Tipo de cambio nominal";"Belice";"2001";"2";"[6245]";"[1277]"
"Tipo de cambio nominal";"Belice";"2002";"2";"[6245]";"[1277]"
"Tipo de cambio nominal";"Belice";"2003";"2";"[6245]";"[1277]"
"Tipo de cambio nominal";"Belice";"2004";"2";"[6245]";"[1277]"
"Tipo de cambio nominal";"Belice";"2005";"2";"[6245]";"[1277]"
"Tipo de cambio nominal";"Belice";"2006";"2";"[6245]";"[1277]"
"Tipo de cambio nominal";"Belice";"2007";"2";"[6245]";"[1277]"
"Tipo de cambio nominal";"Belice";"2008";"2";"[6245]";"[1277]"
"Tipo de cambio nominal";"Belice";"2009";"2";"[6245]";"[1277]"
"Tipo de cambio nominal";"Belice";"2010";"2";"[6245]";"[1277]"
"Tipo de cambio nominal";"Belice";"2011";"2";"[6245]";"[1277]"
"Tipo de cambio nominal";"Belice";"2012";"2";"[6245]";"[1277]"
"Tipo de cambio nominal";"Belice";"2013";"2";"[6245]";"[1277]"
"Tipo de cambio nominal";"Belice";"2014";"2";"[6245]";"[1277]"
"Tipo de cambio nominal";"Belice";"2015";"2";"[6245]";"[1277]"
"Tipo de cambio nominal";"Bolivia (Estado Plurinacional de)";"1980";"0.00002452";"[6802]";"[1277]"
"Tipo de cambio nominal";"Bolivia (Estado Plurinacional de)";"1981";"0.00002452";"[6802]";"[1277]"
"Tipo de cambio nominal";"Bolivia (Estado Plurinacional de)";"1982";"0.0000640717";"[6802]";"[1277]"
"Tipo de cambio nominal";"Bolivia (Estado Plurinacional de)";"1983";"0.00023163";"[6802]";"[1277]"
"Tipo de cambio nominal";"Bolivia (Estado Plurinacional de)";"1984";"0.00313591";"[6802]";"[1277]"
"Tipo de cambio nominal";"Bolivia (Estado Plurinacional de)";"1985";"0.440029";"[6802]";"[1277]"
"Tipo de cambio nominal";"Bolivia (Estado Plurinacional de)";"1986";"1.92196";"[6802]";"[1277]"
"Tipo de cambio nominal";"Bolivia (Estado Plurinacional de)";"1987";"2.05485";"[6802]";"[1277]"
"Tipo de cambio nominal";"Bolivia (Estado Plurinacional de)";"1988";"2.35024";"[6802]";"[1277]"
"Tipo de cambio nominal";"Bolivia (Estado Plurinacional de)";"1989";"2.69168";"[6802]";"[1277]"
"Tipo de cambio nominal";"Bolivia (Estado Plurinacional de)";"1990";"3.17265";"[6802]";"[1277]"
"Tipo de cambio nominal";"Bolivia (Estado Plurinacional de)";"1991";"3.58061";"[6802]";"[1277]"
"Tipo de cambio nominal";"Bolivia (Estado Plurinacional de)";"1992";"3.90052";"[6802]";"[1277]"
"Tipo de cambio nominal";"Bolivia (Estado Plurinacional de)";"1993";"4.26508";"[6802]";"[1277]"
"Tipo de cambio nominal";"Bolivia (Estado Plurinacional de)";"1994";"4.62052";"[6802]";"[1277]"
"Tipo de cambio nominal";"Bolivia (Estado Plurinacional de)";"1995";"4.80034";"[6802]";"[1277]"
"Tipo de cambio nominal";"Bolivia (Estado Plurinacional de)";"1996";"5.07461";"[6802]";"[1277]"
"Tipo de cambio nominal";"Bolivia (Estado Plurinacional de)";"1997";"5.25426";"[6802]";"[1277]"
"Tipo de cambio nominal";"Bolivia (Estado Plurinacional de)";"1998";"5.51013";"[6802]";"[1277]"
"Tipo de cambio nominal";"Bolivia (Estado Plurinacional de)";"1999";"5.81241";"[6802]";"[1277]"
"Tipo de cambio nominal";"Bolivia (Estado Plurinacional de)";"2000";"6.18354";"[6802]";"[1277]"
"Tipo de cambio nominal";"Bolivia (Estado Plurinacional de)";"2001";"6.60692";"[6802]";"[1277]"
"Tipo de cambio nominal";"Bolivia (Estado Plurinacional de)";"2002";"7.17";"[6802]";"[1277]"
"Tipo de cambio nominal";"Bolivia (Estado Plurinacional de)";"2003";"7.65917";"[6802]";"[1277]"
"Tipo de cambio nominal";"Bolivia (Estado Plurinacional de)";"2004";"7.93627";"[6802]";"[1277]"
"Tipo de cambio nominal";"Bolivia (Estado Plurinacional de)";"2005";"8.06606";"[6802]";"[1277]"
"Tipo de cambio nominal";"Bolivia (Estado Plurinacional de)";"2006";"8.01162";"[6802]";"[1277]"
"Tipo de cambio nominal";"Bolivia (Estado Plurinacional de)";"2007";"7.85125";"[6802]";"[1277]"
"Tipo de cambio nominal";"Bolivia (Estado Plurinacional de)";"2008";"7.23832";"[6802]";"[1277]"
"Tipo de cambio nominal";"Bolivia (Estado Plurinacional de)";"2009";"7.02";"[6802]";"[1277]"
"Tipo de cambio nominal";"Bolivia (Estado Plurinacional de)";"2010";"7.01666666666666";"[6802]";"[1277]"
"Tipo de cambio nominal";"Bolivia (Estado Plurinacional de)";"2011";"6.9369625";"[6802]";"[1277]"
"Tipo de cambio nominal";"Bolivia (Estado Plurinacional de)";"2012";"6.91";"[6802]";"[1277]"
"Tipo de cambio nominal";"Bolivia (Estado Plurinacional de)";"2013";"6.91";"[6802]";"[1277]"
"Tipo de cambio nominal";"Bolivia (Estado Plurinacional de)";"2014";"6.91";"[6802]";"[1277]"
"Tipo de cambio nominal";"Bolivia (Estado Plurinacional de)";"2015";"6.91";"[6802]";"[1277]"
"Tipo de cambio nominal";"Brasil";"1980";"2.28123e-11";"[6263]";"[1277]"
"Tipo de cambio nominal";"Brasil";"1981";"4.03001e-11";"[6263]";"[1277]"
"Tipo de cambio nominal";"Brasil";"1982";"7.76854e-11";"[6263]";"[1277]"
"Tipo de cambio nominal";"Brasil";"1983";"2.49718e-10";"[6263]";"[1277]"
"Tipo de cambio nominal";"Brasil";"1984";"7.99741e-10";"[6263]";"[1277]"
"Tipo de cambio nominal";"Brasil";"1985";"2.68324e-9";"[6263]";"[1277]"
"Tipo de cambio nominal";"Brasil";"1986";"5.90968e-9";"[6263]";"[1277]"
"Tipo de cambio nominal";"Brasil";"1987";"1.69763e-8";"[6263]";"[1277]"
"Tipo de cambio nominal";"Brasil";"1988";"1.13548e-7";"[6263]";"[1277]"
"Tipo de cambio nominal";"Brasil";"1989";"0.00000122639";"[6263]";"[1277]"
"Tipo de cambio nominal";"Brasil";"1990";"0.0000295573";"[6263]";"[1277]"
"Tipo de cambio nominal";"Brasil";"1991";"0.000175961";"[6263]";"[1277]"
"Tipo de cambio nominal";"Brasil";"1992";"0.00195302";"[6263]";"[1277]"
"Tipo de cambio nominal";"Brasil";"1993";"0.0382766";"[6263]";"[1277]"
"Tipo de cambio nominal";"Brasil";"1994";"0.664684";"[6263]";"[1277]"
"Tipo de cambio nominal";"Brasil";"1995";"0.917667";"[6263]";"[1277]"
"Tipo de cambio nominal";"Brasil";"1996";"1.0051";"[6263]";"[1277]"
"Tipo de cambio nominal";"Brasil";"1997";"1.07799";"[6263]";"[1277]"
"Tipo de cambio nominal";"Brasil";"1998";"1.16052";"[6263]";"[1277]"
"Tipo de cambio nominal";"Brasil";"1999";"1.81393";"[6263]";"[1277]"
"Tipo de cambio nominal";"Brasil";"2000";"1.82942";"[6263]";"[1277]"
"Tipo de cambio nominal";"Brasil";"2001";"2.34963";"[6263]";"[1277]"
"Tipo de cambio nominal";"Brasil";"2002";"2.92036";"[6263]";"[1277]"
"Tipo de cambio nominal";"Brasil";"2003";"3.07748";"[6263]";"[1277]"
"Tipo de cambio nominal";"Brasil";"2004";"2.92512";"[6263]";"[1277]"
"Tipo de cambio nominal";"Brasil";"2005";"2.43439";"[6263]";"[1277]"
"Tipo de cambio nominal";"Brasil";"2006";"2.17533";"[6263]";"[1277]"
"Tipo de cambio nominal";"Brasil";"2007";"1.94706";"[6263]";"[1277]"
"Tipo de cambio nominal";"Brasil";"2008";"1.83377";"[6263]";"[1277]"
"Tipo de cambio nominal";"Brasil";"2009";"1.99943";"[6263]";"[1277]"
"Tipo de cambio nominal";"Brasil";"2010";"1.7592275";"[6263]";"[1277]"
"Tipo de cambio nominal";"Brasil";"2011";"1.67282875525659";"[6263]";"[1277]"
"Tipo de cambio nominal";"Brasil";"2012";"1.95283083333333";"[6263]";"[1277]"
"Tipo de cambio nominal";"Brasil";"2013";"2.15608915126311";"[6263]";"[1277]"
"Tipo de cambio nominal";"Brasil";"2014";"2.35358301262874";"[6263]";"[1277]"
"Tipo de cambio nominal";"Brasil";"2015";"3.32690438276879";"[6263]";"[1277]"
"Tipo de cambio nominal";"Barbados";"1980";"2";"[6244]";"[1277]"
"Tipo de cambio nominal";"Barbados";"1981";"2";"[6244]";"[1277]"
"Tipo de cambio nominal";"Barbados";"1982";"2";"[6244]";"[1277]"
"Tipo de cambio nominal";"Barbados";"1983";"2";"[6244]";"[1277]"
"Tipo de cambio nominal";"Barbados";"1984";"2";"[6244]";"[1277]"
"Tipo de cambio nominal";"Barbados";"1985";"2";"[6244]";"[1277]"
"Tipo de cambio nominal";"Barbados";"1986";"2";"[6244]";"[1277]"
"Tipo de cambio nominal";"Barbados";"1987";"2";"[6244]";"[1277]"
"Tipo de cambio nominal";"Barbados";"1988";"2";"[6244]";"[1277]"
"Tipo de cambio nominal";"Barbados";"1989";"2";"[6244]";"[1277]"
"Tipo de cambio nominal";"Barbados";"1990";"2";"[6244]";"[1277]"
"Tipo de cambio nominal";"Barbados";"1991";"2";"[6244]";"[1277]"
"Tipo de cambio nominal";"Barbados";"1992";"2";"[6244]";"[1277]"
"Tipo de cambio nominal";"Barbados";"1993";"2";"[6244]";"[1277]"
"Tipo de cambio nominal";"Barbados";"1994";"2";"[6244]";"[1277]"
"Tipo de cambio nominal";"Barbados";"1995";"2";"[6244]";"[1277]"
"Tipo de cambio nominal";"Barbados";"1996";"2";"[6244]";"[1277]"
"Tipo de cambio nominal";"Barbados";"1997";"2";"[6244]";"[1277]"
"Tipo de cambio nominal";"Barbados";"1998";"2";"[6244]";"[1277]"
"Tipo de cambio nominal";"Barbados";"1999";"2";"[6244]";"[1277]"
"Tipo de cambio nominal";"Barbados";"2000";"2";"[6244]";"[1277]"
"Tipo de cambio nominal";"Barbados";"2001";"2";"[6244]";"[1277]"
"Tipo de cambio nominal";"Barbados";"2002";"2";"[6244]";"[1277]"
"Tipo de cambio nominal";"Barbados";"2003";"2";"[6244]";"[1277]"
"Tipo de cambio nominal";"Barbados";"2004";"2";"[6244]";"[1277]"
"Tipo de cambio nominal";"Barbados";"2005";"2";"[6244]";"[1277]"
"Tipo de cambio nominal";"Barbados";"2006";"2";"[6244]";"[1277]"
"Tipo de cambio nominal";"Barbados";"2007";"2";"[6244]";"[1277]"
"Tipo de cambio nominal";"Barbados";"2008";"2";"[6244]";"[1277]"
"Tipo de cambio nominal";"Barbados";"2009";"2";"[6244]";"[1277]"
"Tipo de cambio nominal";"Barbados";"2010";"2";"[6244]";"[1277]"
"Tipo de cambio nominal";"Barbados";"2011";"2";"[6244]";"[1277]"
"Tipo de cambio nominal";"Barbados";"2012";"2";"[6244]";"[1277]"
"Tipo de cambio nominal";"Barbados";"2013";"2";"[6244]";"[1277]"
"Tipo de cambio nominal";"Barbados";"2014";"2";"[6244]";"[1277]"
"Tipo de cambio nominal";"Barbados";"2015";"2";"[6244]";"[1277]"
"Tipo de cambio nominal";"Chile";"1980";"39";"[4811]";"[1277]"
"Tipo de cambio nominal";"Chile";"1981";"39";"[4811]";"[1277]"
"Tipo de cambio nominal";"Chile";"1982";"50.9083";"[4811]";"[1277]"
"Tipo de cambio nominal";"Chile";"1983";"78.7883";"[4811]";"[1277]"
"Tipo de cambio nominal";"Chile";"1984";"98.4775";"[4811]";"[1277]"
"Tipo de cambio nominal";"Chile";"1985";"160.86";"[4811]";"[1277]"
"Tipo de cambio nominal";"Chile";"1986";"192.93";"[4811]";"[1277]"
"Tipo de cambio nominal";"Chile";"1987";"219.407";"[4811]";"[1277]"
"Tipo de cambio nominal";"Chile";"1988";"245.012";"[4811]";"[1277]"
"Tipo de cambio nominal";"Chile";"1989";"266.954";"[4811]";"[1277]"
"Tipo de cambio nominal";"Chile";"1990";"304.903";"[4811]";"[1277]"
"Tipo de cambio nominal";"Chile";"1991";"349.216";"[4811]";"[1277]"
"Tipo de cambio nominal";"Chile";"1992";"362.576";"[4811]";"[1277]"
"Tipo de cambio nominal";"Chile";"1993";"404.166";"[4811]";"[1277]"
"Tipo de cambio nominal";"Chile";"1994";"420.177";"[4811]";"[1277]"
"Tipo de cambio nominal";"Chile";"1995";"396.773";"[4811]";"[1277]"
"Tipo de cambio nominal";"Chile";"1996";"412.267";"[4811]";"[1277]"
"Tipo de cambio nominal";"Chile";"1997";"419.295";"[4811]";"[1277]"
"Tipo de cambio nominal";"Chile";"1998";"460.288";"[4811]";"[1277]"
"Tipo de cambio nominal";"Chile";"1999";"508.777";"[4811]";"[1277]"
"Tipo de cambio nominal";"Chile";"2000";"539.588";"[4811]";"[1277]"
"Tipo de cambio nominal";"Chile";"2001";"634.938";"[4811]";"[1277]"
"Tipo de cambio nominal";"Chile";"2002";"688.937";"[4811]";"[1277]"
"Tipo de cambio nominal";"Chile";"2003";"691.398";"[4811]";"[1277]"
"Tipo de cambio nominal";"Chile";"2004";"609.529";"[4811]";"[1277]"
"Tipo de cambio nominal";"Chile";"2005";"559.768";"[4811]";"[1277]"
"Tipo de cambio nominal";"Chile";"2006";"530.275";"[4811]";"[1277]"
"Tipo de cambio nominal";"Chile";"2007";"522.464";"[4811]";"[1277]"
"Tipo de cambio nominal";"Chile";"2008";"522.461";"[4811]";"[1277]"
"Tipo de cambio nominal";"Chile";"2009";"560.86";"[4811]";"[1277]"
"Tipo de cambio nominal";"Chile";"2010";"510.24916666666707";"[4811]";"[1277]"
"Tipo de cambio nominal";"Chile";"2011";"483.6675";"[4811]";"[1277]"
"Tipo de cambio nominal";"Chile";"2012";"486.47125";"[4811]";"[1277]"
"Tipo de cambio nominal";"Chile";"2013";"495.272877645503";"[4811]";"[1277]"
"Tipo de cambio nominal";"Chile";"2014";"570.34821612744";"[4811]";"[1277]"
"Tipo de cambio nominal";"Chile";"2015";"654.124084254196";"[4811]";"[1277]"
"Tipo de cambio nominal";"Colombia";"1980";"47.2803";"[6257]";"[1277]"
"Tipo de cambio nominal";"Colombia";"1981";"54.4905";"[6257]";"[1277]"
"Tipo de cambio nominal";"Colombia";"1982";"64.0847";"[6257]";"[1277]"
"Tipo de cambio nominal";"Colombia";"1983";"78.8543";"[6257]";"[1277]"
"Tipo de cambio nominal";"Colombia";"1984";"100.817";"[6257]";"[1277]"
"Tipo de cambio nominal";"Colombia";"1985";"142.312";"[6257]";"[1277]"
"Tipo de cambio nominal";"Colombia";"1986";"194.261";"[6257]";"[1277]"
"Tipo de cambio nominal";"Colombia";"1987";"242.607";"[6257]";"[1277]"
"Tipo de cambio nominal";"Colombia";"1988";"299.174";"[6257]";"[1277]"
"Tipo de cambio nominal";"Colombia";"1989";"382.568";"[6257]";"[1277]"
"Tipo de cambio nominal";"Colombia";"1990";"502.259";"[6257]";"[1277]"
"Tipo de cambio nominal";"Colombia";"1991";"633.045";"[6257]";"[1277]"
"Tipo de cambio nominal";"Colombia";"1992";"759.282";"[6257]";"[1277]"
"Tipo de cambio nominal";"Colombia";"1993";"863.065";"[6257]";"[1277]"
"Tipo de cambio nominal";"Colombia";"1994";"844.836";"[6257]";"[1277]"
"Tipo de cambio nominal";"Colombia";"1995";"912.826";"[6257]";"[1277]"
"Tipo de cambio nominal";"Colombia";"1996";"1036.69";"[6257]";"[1277]"
"Tipo de cambio nominal";"Colombia";"1997";"1140.96";"[6257]";"[1277]"
"Tipo de cambio nominal";"Colombia";"1998";"1426.04";"[6257]";"[1277]"
"Tipo de cambio nominal";"Colombia";"1999";"1756.23";"[6257]";"[1277]"
"Tipo de cambio nominal";"Colombia";"2000";"2087.9";"[6257]";"[1277]"
"Tipo de cambio nominal";"Colombia";"2001";"2299.63";"[6257]";"[1277]"
"Tipo de cambio nominal";"Colombia";"2002";"2504.24";"[6257]";"[1277]"
"Tipo de cambio nominal";"Colombia";"2003";"2877.65";"[6257]";"[1277]"
"Tipo de cambio nominal";"Colombia";"2004";"2628.61";"[6257]";"[1277]"
"Tipo de cambio nominal";"Colombia";"2005";"2320.83";"[6257]";"[1277]"
"Tipo de cambio nominal";"Colombia";"2006";"2361.14";"[6257]";"[1277]"
"Tipo de cambio nominal";"Colombia";"2007";"2078.29";"[6257]";"[1277]"
"Tipo de cambio nominal";"Colombia";"2008";"1967.71";"[6257]";"[1277]"
"Tipo de cambio nominal";"Colombia";"2009";"2166.79";"[6257]";"[1277]"
"Tipo de cambio nominal";"Colombia";"2010";"1898.57";"[6257]";"[1277]"
"Tipo de cambio nominal";"Colombia";"2011";"1848.13946995183";"[6257]";"[1277]"
"Tipo de cambio nominal";"Colombia";"2012";"1796.89416666667";"[6257]";"[1277]"
"Tipo de cambio nominal";"Colombia";"2013";"1868.7853270908";"[6257]";"[1277]"
"Tipo de cambio nominal";"Colombia";"2014";"2001.781048176";"[6257]";"[1277]"
"Tipo de cambio nominal";"Colombia";"2015";"2741.88085479965";"[6257]";"[1277]"
"Tipo de cambio nominal";"Costa Rica";"1980";"8.57";"[6804]";"[1277]"
"Tipo de cambio nominal";"Costa Rica";"1981";"21.7633";"[6804]";"[1277]"
"Tipo de cambio nominal";"Costa Rica";"1982";"37.4067";"[6804]";"[1277]"
"Tipo de cambio nominal";"Costa Rica";"1983";"41.0942";"[6804]";"[1277]"
"Tipo de cambio nominal";"Costa Rica";"1984";"44.5327";"[6804]";"[1277]"
"Tipo de cambio nominal";"Costa Rica";"1985";"50.4533";"[6804]";"[1277]"
"Tipo de cambio nominal";"Costa Rica";"1986";"55.9859";"[6804]";"[1277]"
"Tipo de cambio nominal";"Costa Rica";"1987";"62.7762";"[6804]";"[1277]"
"Tipo de cambio nominal";"Costa Rica";"1988";"75.8047";"[6804]";"[1277]"
"Tipo de cambio nominal";"Costa Rica";"1989";"81.5042";"[6804]";"[1277]"
"Tipo de cambio nominal";"Costa Rica";"1990";"91.5793";"[6804]";"[1277]"
"Tipo de cambio nominal";"Costa Rica";"1991";"122.432";"[6804]";"[1277]"
"Tipo de cambio nominal";"Costa Rica";"1992";"134.506";"[6804]";"[1277]"
"Tipo de cambio nominal";"Costa Rica";"1993";"142.172";"[6804]";"[1277]"
"Tipo de cambio nominal";"Costa Rica";"1994";"157.067";"[6804]";"[1277]"
"Tipo de cambio nominal";"Costa Rica";"1995";"179.729";"[6804]";"[1277]"
"Tipo de cambio nominal";"Costa Rica";"1996";"207.689";"[6804]";"[1277]"
"Tipo de cambio nominal";"Costa Rica";"1997";"232.598";"[6804]";"[1277]"
"Tipo de cambio nominal";"Costa Rica";"1998";"257.229";"[6804]";"[1277]"
"Tipo de cambio nominal";"Costa Rica";"1999";"285.685";"[6804]";"[1277]"
"Tipo de cambio nominal";"Costa Rica";"2000";"308.187";"[6804]";"[1277]"
"Tipo de cambio nominal";"Costa Rica";"2001";"328.871";"[6804]";"[1277]"
"Tipo de cambio nominal";"Costa Rica";"2002";"359.818";"[6804]";"[1277]"
"Tipo de cambio nominal";"Costa Rica";"2003";"398.662";"[6804]";"[1277]"
"Tipo de cambio nominal";"Costa Rica";"2004";"437.935";"[6804]";"[1277]"
"Tipo de cambio nominal";"Costa Rica";"2005";"477.787";"[6804]";"[1277]"
"Tipo de cambio nominal";"Costa Rica";"2006";"511.302";"[6804]";"[1277]"
"Tipo de cambio nominal";"Costa Rica";"2007";"516.617";"[6804]";"[1277]"
"Tipo de cambio nominal";"Costa Rica";"2008";"526.236";"[6804]";"[1277]"
"Tipo de cambio nominal";"Costa Rica";"2009";"573.288";"[6804]";"[1277]"
"Tipo de cambio nominal";"Costa Rica";"2010";"525.829166666667";"[6804]";"[1277]"
"Tipo de cambio nominal";"Costa Rica";"2011";"505.664239919355";"[6804]";"[1277]"
"Tipo de cambio nominal";"Costa Rica";"2012";"502.9015";"[6804]";"[1277]"
"Tipo de cambio nominal";"Costa Rica";"2013";"499.766832565284";"[6804]";"[1277]"
"Tipo de cambio nominal";"Costa Rica";"2014";"538.317200279058";"[6804]";"[1277]"
"Tipo de cambio nominal";"Costa Rica";"2015";"534.565769969278";"[6804]";"[1277]"
"Tipo de cambio nominal";"Cuba";"1980";"1";"[6258]";"[1277]"
"Tipo de cambio nominal";"Cuba";"1981";"1";"[6258]";"[1277]"
"Tipo de cambio nominal";"Cuba";"1982";"1";"[6258]";"[1277]"
"Tipo de cambio nominal";"Cuba";"1983";"1";"[6258]";"[1277]"
"Tipo de cambio nominal";"Cuba";"1984";"1";"[6258]";"[1277]"
"Tipo de cambio nominal";"Cuba";"1985";"1";"[6258]";"[1277]"
"Tipo de cambio nominal";"Cuba";"1986";"1";"[6258]";"[1277]"
"Tipo de cambio nominal";"Cuba";"1987";"1";"[6258]";"[1277]"
"Tipo de cambio nominal";"Cuba";"1988";"1";"[6258]";"[1277]"
"Tipo de cambio nominal";"Cuba";"1989";"1";"[6258]";"[1277]"
"Tipo de cambio nominal";"Cuba";"1990";"1";"[6258]";"[1277]"
"Tipo de cambio nominal";"Cuba";"1991";"1";"[6258]";"[1277]"
"Tipo de cambio nominal";"Cuba";"1992";"1";"[6258]";"[1277]"
"Tipo de cambio nominal";"Cuba";"1993";"1";"[6258]";"[1277]"
"Tipo de cambio nominal";"Cuba";"1994";"1";"[6258]";"[1277]"
"Tipo de cambio nominal";"Cuba";"1995";"1";"[6258]";"[1277]"
"Tipo de cambio nominal";"Cuba";"1996";"1";"[6258]";"[1277]"
"Tipo de cambio nominal";"Cuba";"1997";"1";"[6258]";"[1277]"
"Tipo de cambio nominal";"Cuba";"1998";"1";"[6258]";"[1277]"
"Tipo de cambio nominal";"Cuba";"1999";"1";"[6258]";"[1277]"
"Tipo de cambio nominal";"Cuba";"2000";"1";"[6258]";"[1277]"
"Tipo de cambio nominal";"Cuba";"2001";"1";"[6258]";"[1277]"
"Tipo de cambio nominal";"Cuba";"2002";"1";"[6258]";"[1277]"
"Tipo de cambio nominal";"Cuba";"2003";"1";"[6258]";"[1277]"
"Tipo de cambio nominal";"Cuba";"2004";"1";"[6258]";"[1277]"
"Tipo de cambio nominal";"Cuba";"2005";"1";"[6258]";"[1277]"
"Tipo de cambio nominal";"Cuba";"2006";"1";"[6258]";"[1277]"
"Tipo de cambio nominal";"Cuba";"2007";"1";"[6258]";"[1277]"
"Tipo de cambio nominal";"Cuba";"2008";"1";"[6258]";"[1277]"
"Tipo de cambio nominal";"Cuba";"2009";"1";"[6258]";"[1277]"
"Tipo de cambio nominal";"Cuba";"2010";"1";"[6258]";"[1277]"
"Tipo de cambio nominal";"Cuba";"2011";"1";"[6258]";"[1277]"
"Tipo de cambio nominal";"Cuba";"2012";"1";"[6258]";"[1277]"
"Tipo de cambio nominal";"Cuba";"2013";"1";"[6258]";"[1277]"
"Tipo de cambio nominal";"Cuba";"2014";"1";"[6258]";"[1277]"
"Tipo de cambio nominal";"Cuba";"2015";"1";"[6258]";"[1277]"
"Tipo de cambio nominal";"Dominica";"1980";"2.7";"[6251]";"[1277]"
"Tipo de cambio nominal";"Dominica";"1981";"2.7";"[6251]";"[1277]"
"Tipo de cambio nominal";"Dominica";"1982";"2.7";"[6251]";"[1277]"
"Tipo de cambio nominal";"Dominica";"1983";"2.7";"[6251]";"[1277]"
"Tipo de cambio nominal";"Dominica";"1984";"2.7";"[6251]";"[1277]"
"Tipo de cambio nominal";"Dominica";"1985";"2.7";"[6251]";"[1277]"
"Tipo de cambio nominal";"Dominica";"1986";"2.7";"[6251]";"[1277]"
"Tipo de cambio nominal";"Dominica";"1987";"2.7";"[6251]";"[1277]"
"Tipo de cambio nominal";"Dominica";"1988";"2.7";"[6251]";"[1277]"
"Tipo de cambio nominal";"Dominica";"1989";"2.7";"[6251]";"[1277]"
"Tipo de cambio nominal";"Dominica";"1990";"2.7";"[6251]";"[1277]"
"Tipo de cambio nominal";"Dominica";"1991";"2.7";"[6251]";"[1277]"
"Tipo de cambio nominal";"Dominica";"1992";"2.7";"[6251]";"[1277]"
"Tipo de cambio nominal";"Dominica";"1993";"2.7";"[6251]";"[1277]"
"Tipo de cambio nominal";"Dominica";"1994";"2.7";"[6251]";"[1277]"
"Tipo de cambio nominal";"Dominica";"1995";"2.7";"[6251]";"[1277]"
"Tipo de cambio nominal";"Dominica";"1996";"2.7";"[6251]";"[1277]"
"Tipo de cambio nominal";"Dominica";"1997";"2.7";"[6251]";"[1277]"
"Tipo de cambio nominal";"Dominica";"1998";"2.7";"[6251]";"[1277]"
"Tipo de cambio nominal";"Dominica";"1999";"2.7";"[6251]";"[1277]"
"Tipo de cambio nominal";"Dominica";"2000";"2.7";"[6251]";"[1277]"
"Tipo de cambio nominal";"Dominica";"2001";"2.7";"[6251]";"[1277]"
"Tipo de cambio nominal";"Dominica";"2002";"2.7";"[6251]";"[1277]"
"Tipo de cambio nominal";"Dominica";"2003";"2.7";"[6251]";"[1277]"
"Tipo de cambio nominal";"Dominica";"2004";"2.7";"[6251]";"[1277]"
"Tipo de cambio nominal";"Dominica";"2005";"2.7";"[6251]";"[1277]"
"Tipo de cambio nominal";"Dominica";"2006";"2.7";"[6251]";"[1277]"
"Tipo de cambio nominal";"Dominica";"2007";"2.7";"[6251]";"[1277]"
"Tipo de cambio nominal";"Dominica";"2008";"2.7";"[6251]";"[1277]"
"Tipo de cambio nominal";"Dominica";"2009";"2.7";"[6251]";"[1277]"
"Tipo de cambio nominal";"Dominica";"2010";"2.7";"[6251]";"[1277]"
"Tipo de cambio nominal";"Dominica";"2011";"2.7";"[6251]";"[1277]"
"Tipo de cambio nominal";"Dominica";"2012";"2.7";"[6251]";"[1277]"
"Tipo de cambio nominal";"Dominica";"2013";"2.7";"[6251]";"[1277]"
"Tipo de cambio nominal";"Dominica";"2014";"2.7";"[6251]";"[1277]"
"Tipo de cambio nominal";"Dominica";"2015";"2.7";"[6251]";"[1277]"
"Tipo de cambio nominal";"República Dominicana";"1980";"1";"[6259]";"[1277]"
"Tipo de cambio nominal";"República Dominicana";"1981";"1";"[6259]";"[1277]"
"Tipo de cambio nominal";"República Dominicana";"1982";"1";"[6259]";"[1277]"
"Tipo de cambio nominal";"República Dominicana";"1983";"1";"[6259]";"[1277]"
"Tipo de cambio nominal";"República Dominicana";"1984";"1";"[6259]";"[1277]"
"Tipo de cambio nominal";"República Dominicana";"1985";"3.11261";"[6259]";"[1277]"
"Tipo de cambio nominal";"República Dominicana";"1986";"2.90433";"[6259]";"[1277]"
"Tipo de cambio nominal";"República Dominicana";"1987";"3.84476";"[6259]";"[1277]"
"Tipo de cambio nominal";"República Dominicana";"1988";"6.11252";"[6259]";"[1277]"
"Tipo de cambio nominal";"República Dominicana";"1989";"6.34";"[6259]";"[1277]"
"Tipo de cambio nominal";"República Dominicana";"1990";"8.5253";"[6259]";"[1277]"
"Tipo de cambio nominal";"República Dominicana";"1991";"12.6924";"[6259]";"[1277]"
"Tipo de cambio nominal";"República Dominicana";"1992";"12.7742";"[6259]";"[1277]"
"Tipo de cambio nominal";"República Dominicana";"1993";"12.6758";"[6259]";"[1277]"
"Tipo de cambio nominal";"República Dominicana";"1994";"13.1601";"[6259]";"[1277]"
"Tipo de cambio nominal";"República Dominicana";"1995";"13.5974";"[6259]";"[1277]"
"Tipo de cambio nominal";"República Dominicana";"1996";"13.7746";"[6259]";"[1277]"
"Tipo de cambio nominal";"República Dominicana";"1997";"14.2655";"[6259]";"[1277]"
"Tipo de cambio nominal";"República Dominicana";"1998";"15.2666";"[6259]";"[1277]"
"Tipo de cambio nominal";"República Dominicana";"1999";"16.0331";"[6259]";"[1277]"
"Tipo de cambio nominal";"República Dominicana";"2000";"16.415";"[6259]";"[1277]"
"Tipo de cambio nominal";"República Dominicana";"2001";"16.9516";"[6259]";"[1277]"
"Tipo de cambio nominal";"República Dominicana";"2002";"18.6098";"[6259]";"[1277]"
"Tipo de cambio nominal";"República Dominicana";"2003";"30.8307";"[6259]";"[1277]"
"Tipo de cambio nominal";"República Dominicana";"2004";"42.1197";"[6259]";"[1277]"
"Tipo de cambio nominal";"República Dominicana";"2005";"30.4094";"[6259]";"[1277]"
"Tipo de cambio nominal";"República Dominicana";"2006";"33.3648";"[6259]";"[1277]"
"Tipo de cambio nominal";"República Dominicana";"2007";"33.2628";"[6259]";"[1277]"
"Tipo de cambio nominal";"República Dominicana";"2008";"34.6235";"[6259]";"[1277]"
"Tipo de cambio nominal";"República Dominicana";"2009";"36.0268";"[6259]";"[1277]"
"Tipo de cambio nominal";"República Dominicana";"2010";"36.8754666666667";"[6259]";"[1277]"
"Tipo de cambio nominal";"República Dominicana";"2011";"38.2315587481963";"[6259]";"[1277]"
"Tipo de cambio nominal";"República Dominicana";"2012";"39.3356583333333";"[6259]";"[1277]"
"Tipo de cambio nominal";"República Dominicana";"2013";"41.8081439152765";"[6259]";"[1277]"
"Tipo de cambio nominal";"República Dominicana";"2014";"43.5559626980453";"[6259]";"[1277]"
"Tipo de cambio nominal";"República Dominicana";"2015";"45.0516976883978";"[6259]";"[1277]"
"Tipo de cambio nominal";"Ecuador";"1980";"1";"[6243]";"[1277]"
"Tipo de cambio nominal";"Ecuador";"1981";"1";"[6243]";"[1277]"
"Tipo de cambio nominal";"Ecuador";"1982";"1";"[6243]";"[1277]"
"Tipo de cambio nominal";"Ecuador";"1983";"1";"[6243]";"[1277]"
"Tipo de cambio nominal";"Ecuador";"1984";"1";"[6243]";"[1277]"
"Tipo de cambio nominal";"Ecuador";"1985";"1";"[6243]";"[1277]"
"Tipo de cambio nominal";"Ecuador";"1986";"1";"[6243]";"[1277]"
"Tipo de cambio nominal";"Ecuador";"1987";"1";"[6243]";"[1277]"
"Tipo de cambio nominal";"Ecuador";"1988";"1";"[6243]";"[1277]"
"Tipo de cambio nominal";"Ecuador";"1989";"1";"[6243]";"[1277]"
"Tipo de cambio nominal";"Ecuador";"1990";"1";"[6243]";"[1277]"
"Tipo de cambio nominal";"Ecuador";"1991";"1";"[6243]";"[1277]"
"Tipo de cambio nominal";"Ecuador";"1992";"1";"[6243]";"[1277]"
"Tipo de cambio nominal";"Ecuador";"1993";"1";"[6243]";"[1277]"
"Tipo de cambio nominal";"Ecuador";"1994";"1";"[6243]";"[1277]"
"Tipo de cambio nominal";"Ecuador";"1995";"1";"[6243]";"[1277]"
"Tipo de cambio nominal";"Ecuador";"1996";"1";"[6243]";"[1277]"
"Tipo de cambio nominal";"Ecuador";"1997";"1";"[6243]";"[1277]"
"Tipo de cambio nominal";"Ecuador";"1998";"1";"[6243]";"[1277]"
"Tipo de cambio nominal";"Ecuador";"1999";"1";"[6243]";"[1277]"
"Tipo de cambio nominal";"Ecuador";"2000";"1";"[6243]";"[1277]"
"Tipo de cambio nominal";"Ecuador";"2001";"1";"[6243]";"[1277]"
"Tipo de cambio nominal";"Ecuador";"2002";"1";"[6243]";"[1277]"
"Tipo de cambio nominal";"Ecuador";"2003";"1";"[6243]";"[1277]"
"Tipo de cambio nominal";"Ecuador";"2004";"1";"[6243]";"[1277]"
"Tipo de cambio nominal";"Ecuador";"2005";"1";"[6243]";"[1277]"
"Tipo de cambio nominal";"Ecuador";"2006";"1";"[6243]";"[1277]"
"Tipo de cambio nominal";"Ecuador";"2007";"1";"[6243]";"[1277]"
"Tipo de cambio nominal";"Ecuador";"2008";"1";"[6243]";"[1277]"
"Tipo de cambio nominal";"Ecuador";"2009";"1";"[6243]";"[1277]"
"Tipo de cambio nominal";"Ecuador";"2010";"1";"[6243]";"[1277]"
"Tipo de cambio nominal";"Ecuador";"2011";"1";"[6243]";"[1277]"
"Tipo de cambio nominal";"Ecuador";"2012";"1";"[6243]";"[1277]"
"Tipo de cambio nominal";"Ecuador";"2013";"1";"[6243]";"[1277]"
"Tipo de cambio nominal";"Ecuador";"2014";"1";"[6243]";"[1277]"
"Tipo de cambio nominal";"Ecuador";"2015";"1";"[6243]";"[1277]"
"Tipo de cambio nominal";"Granada";"1980";"2.7";"[6251]";"[1277]"
"Tipo de cambio nominal";"Granada";"1981";"2.7";"[6251]";"[1277]"
"Tipo de cambio nominal";"Granada";"1982";"2.7";"[6251]";"[1277]"
"Tipo de cambio nominal";"Granada";"1983";"2.7";"[6251]";"[1277]"
"Tipo de cambio nominal";"Granada";"1984";"2.7";"[6251]";"[1277]"
"Tipo de cambio nominal";"Granada";"1985";"2.7";"[6251]";"[1277]"
"Tipo de cambio nominal";"Granada";"1986";"2.7";"[6251]";"[1277]"
"Tipo de cambio nominal";"Granada";"1987";"2.7";"[6251]";"[1277]"
"Tipo de cambio nominal";"Granada";"1988";"2.7";"[6251]";"[1277]"
"Tipo de cambio nominal";"Granada";"1989";"2.7";"[6251]";"[1277]"
"Tipo de cambio nominal";"Granada";"1990";"2.7";"[6251]";"[1277]"
"Tipo de cambio nominal";"Granada";"1991";"2.7";"[6251]";"[1277]"
"Tipo de cambio nominal";"Granada";"1992";"2.7";"[6251]";"[1277]"
"Tipo de cambio nominal";"Granada";"1993";"2.7";"[6251]";"[1277]"
"Tipo de cambio nominal";"Granada";"1994";"2.7";"[6251]";"[1277]"
"Tipo de cambio nominal";"Granada";"1995";"2.7";"[6251]";"[1277]"
"Tipo de cambio nominal";"Granada";"1996";"2.7";"[6251]";"[1277]"
"Tipo de cambio nominal";"Granada";"1997";"2.7";"[6251]";"[1277]"
"Tipo de cambio nominal";"Granada";"1998";"2.7";"[6251]";"[1277]"
"Tipo de cambio nominal";"Granada";"1999";"2.7";"[6251]";"[1277]"
"Tipo de cambio nominal";"Granada";"2000";"2.7";"[6251]";"[1277]"
"Tipo de cambio nominal";"Granada";"2001";"2.7";"[6251]";"[1277]"
"Tipo de cambio nominal";"Granada";"2002";"2.7";"[6251]";"[1277]"
"Tipo de cambio nominal";"Granada";"2003";"2.7";"[6251]";"[1277]"
"Tipo de cambio nominal";"Granada";"2004";"2.7";"[6251]";"[1277]"
"Tipo de cambio nominal";"Granada";"2005";"2.7";"[6251]";"[1277]"
"Tipo de cambio nominal";"Granada";"2006";"2.7";"[6251]";"[1277]"
"Tipo de cambio nominal";"Granada";"2007";"2.7";"[6251]";"[1277]"
"Tipo de cambio nominal";"Granada";"2008";"2.7";"[6251]";"[1277]"
"Tipo de cambio nominal";"Granada";"2009";"2.7";"[6251]";"[1277]"
"Tipo de cambio nominal";"Granada";"2010";"2.7";"[6251]";"[1277]"
"Tipo de cambio nominal";"Granada";"2011";"2.7";"[6251]";"[1277]"
"Tipo de cambio nominal";"Granada";"2012";"2.7";"[6251]";"[1277]"
"Tipo de cambio nominal";"Granada";"2013";"2.7";"[6251]";"[1277]"
"Tipo de cambio nominal";"Granada";"2014";"2.7";"[6251]";"[1277]"
"Tipo de cambio nominal";"Granada";"2015";"2.7";"[6251]";"[1277]"
"Tipo de cambio nominal";"Guatemala";"1980";"1";"[6262]";"[1277]"
"Tipo de cambio nominal";"Guatemala";"1981";"1";"[6262]";"[1277]"
"Tipo de cambio nominal";"Guatemala";"1982";"1";"[6262]";"[1277]"
"Tipo de cambio nominal";"Guatemala";"1983";"1";"[6262]";"[1277]"
"Tipo de cambio nominal";"Guatemala";"1984";"1";"[6262]";"[1277]"
"Tipo de cambio nominal";"Guatemala";"1985";"1";"[6262]";"[1277]"
"Tipo de cambio nominal";"Guatemala";"1986";"1.875";"[6262]";"[1277]"
"Tipo de cambio nominal";"Guatemala";"1987";"2.5";"[6262]";"[1277]"
"Tipo de cambio nominal";"Guatemala";"1988";"2.61958";"[6262]";"[1277]"
"Tipo de cambio nominal";"Guatemala";"1989";"2.81612";"[6262]";"[1277]"
"Tipo de cambio nominal";"Guatemala";"1990";"4.48576";"[6262]";"[1277]"
"Tipo de cambio nominal";"Guatemala";"1991";"5.02888";"[6262]";"[1277]"
"Tipo de cambio nominal";"Guatemala";"1992";"5.17063";"[6262]";"[1277]"
"Tipo de cambio nominal";"Guatemala";"1993";"5.63536";"[6262]";"[1277]"
"Tipo de cambio nominal";"Guatemala";"1994";"5.7512";"[6262]";"[1277]"
"Tipo de cambio nominal";"Guatemala";"1995";"5.81034";"[6262]";"[1277]"
"Tipo de cambio nominal";"Guatemala";"1996";"6.04951";"[6262]";"[1277]"
"Tipo de cambio nominal";"Guatemala";"1997";"6.06527";"[6262]";"[1277]"
"Tipo de cambio nominal";"Guatemala";"1998";"6.39465";"[6262]";"[1277]"
"Tipo de cambio nominal";"Guatemala";"1999";"7.38561";"[6262]";"[1277]"
"Tipo de cambio nominal";"Guatemala";"2000";"7.76316";"[6262]";"[1277]"
"Tipo de cambio nominal";"Guatemala";"2001";"7.85859";"[6262]";"[1277]"
"Tipo de cambio nominal";"Guatemala";"2002";"7.82165";"[6262]";"[1277]"
"Tipo de cambio nominal";"Guatemala";"2003";"7.94085";"[6262]";"[1277]"
"Tipo de cambio nominal";"Guatemala";"2004";"7.9465";"[6262]";"[1277]"
"Tipo de cambio nominal";"Guatemala";"2005";"7.63394";"[6262]";"[1277]"
"Tipo de cambio nominal";"Guatemala";"2006";"7.60263";"[6262]";"[1277]"
"Tipo de cambio nominal";"Guatemala";"2007";"7.6733";"[6262]";"[1277]"
"Tipo de cambio nominal";"Guatemala";"2008";"7.56003";"[6262]";"[1277]"
"Tipo de cambio nominal";"Guatemala";"2009";"8.16156";"[6262]";"[1277]"
"Tipo de cambio nominal";"Guatemala";"2010";"8.05777";"[6262]";"[1277]"
"Tipo de cambio nominal";"Guatemala";"2011";"7.78541833333333";"[6262]";"[1277]"
"Tipo de cambio nominal";"Guatemala";"2012";"7.83360583333333";"[6262]";"[1277]"
"Tipo de cambio nominal";"Guatemala";"2013";"7.85681375";"[6262]";"[1277]"
"Tipo de cambio nominal";"Guatemala";"2014";"7.73223333333333";"[6262]";"[1277]"
"Tipo de cambio nominal";"Guatemala";"2015";"7.654815";"[6262]";"[1277]"
"Tipo de cambio nominal";"Guyana";"1980";"2.55";"[6703]";"[1277]"
"Tipo de cambio nominal";"Guyana";"1981";"2.8125";"[6703]";"[1277]"
"Tipo de cambio nominal";"Guyana";"1982";"3";"[6703]";"[1277]"
"Tipo de cambio nominal";"Guyana";"1983";"3";"[6703]";"[1277]"
"Tipo de cambio nominal";"Guyana";"1984";"3.83157";"[6703]";"[1277]"
"Tipo de cambio nominal";"Guyana";"1985";"4.25185";"[6703]";"[1277]"
"Tipo de cambio nominal";"Guyana";"1986";"4.27242";"[6703]";"[1277]"
"Tipo de cambio nominal";"Guyana";"1987";"9.75583";"[6703]";"[1277]"
"Tipo de cambio nominal";"Guyana";"1988";"10";"[6703]";"[1277]"
"Tipo de cambio nominal";"Guyana";"1989";"27.1587";"[6703]";"[1277]"
"Tipo de cambio nominal";"Guyana";"1990";"39.5333";"[6703]";"[1277]"
"Tipo de cambio nominal";"Guyana";"1991";"111.811";"[6703]";"[1277]"
"Tipo de cambio nominal";"Guyana";"1992";"125.002";"[6703]";"[1277]"
"Tipo de cambio nominal";"Guyana";"1993";"126.73";"[6703]";"[1277]"
"Tipo de cambio nominal";"Guyana";"1994";"138.29";"[6703]";"[1277]"
"Tipo de cambio nominal";"Guyana";"1995";"141.989";"[6703]";"[1277]"
"Tipo de cambio nominal";"Guyana";"1996";"140.375";"[6703]";"[1277]"
"Tipo de cambio nominal";"Guyana";"1997";"142.401";"[6703]";"[1277]"
"Tipo de cambio nominal";"Guyana";"1998";"150.519";"[6703]";"[1277]"
"Tipo de cambio nominal";"Guyana";"1999";"177.995";"[6703]";"[1277]"
"Tipo de cambio nominal";"Guyana";"2000";"182.43";"[6703]";"[1277]"
"Tipo de cambio nominal";"Guyana";"2001";"187.321";"[6703]";"[1277]"
"Tipo de cambio nominal";"Guyana";"2002";"190.665";"[6703]";"[1277]"
"Tipo de cambio nominal";"Guyana";"2003";"193.878";"[6703]";"[1277]"
"Tipo de cambio nominal";"Guyana";"2004";"198.307";"[6703]";"[1277]"
"Tipo de cambio nominal";"Guyana";"2005";"199.875";"[6703]";"[1277]"
"Tipo de cambio nominal";"Guyana";"2006";"200.188";"[6703]";"[1277]"
"Tipo de cambio nominal";"Guyana";"2007";"202.347";"[6703]";"[1277]"
"Tipo de cambio nominal";"Guyana";"2008";"203.633";"[6703]";"[1277]"
"Tipo de cambio nominal";"Guyana";"2009";"203.95";"[6703]";"[1277]"
"Tipo de cambio nominal";"Guyana";"2010";"203.635833333333";"[6703]";"[1277]"
"Tipo de cambio nominal";"Guyana";"2011";"204.0175";"[6703]";"[1277]"
"Tipo de cambio nominal";"Guyana";"2012";"204.358333333333";"[6703]";"[1277]"
"Tipo de cambio nominal";"Guyana";"2013";"205.394166666667";"[6703]";"[1277]"
"Tipo de cambio nominal";"Guyana";"2014";"206.449166666667";"[6703]";"[1277]"
"Tipo de cambio nominal";"Guyana";"2015";"206.5";"[6703]";"[1277]"
"Tipo de cambio nominal";"Honduras";"1980";"2";"[6254]";"[1277]"
"Tipo de cambio nominal";"Honduras";"1981";"2";"[6254]";"[1277]"
"Tipo de cambio nominal";"Honduras";"1982";"2";"[6254]";"[1277]"
"Tipo de cambio nominal";"Honduras";"1983";"2";"[6254]";"[1277]"
"Tipo de cambio nominal";"Honduras";"1984";"2";"[6254]";"[1277]"
"Tipo de cambio nominal";"Honduras";"1985";"2";"[6254]";"[1277]"
"Tipo de cambio nominal";"Honduras";"1986";"2";"[6254]";"[1277]"
"Tipo de cambio nominal";"Honduras";"1987";"2";"[6254]";"[1277]"
"Tipo de cambio nominal";"Honduras";"1988";"2";"[6254]";"[1277]"
"Tipo de cambio nominal";"Honduras";"1989";"2";"[6254]";"[1277]"
"Tipo de cambio nominal";"Honduras";"1990";"4.11198";"[6254]";"[1277]"
"Tipo de cambio nominal";"Honduras";"1991";"5.31667";"[6254]";"[1277]"
"Tipo de cambio nominal";"Honduras";"1992";"5.49792";"[6254]";"[1277]"
"Tipo de cambio nominal";"Honduras";"1993";"6.47158";"[6254]";"[1277]"
"Tipo de cambio nominal";"Honduras";"1994";"8.40876";"[6254]";"[1277]"
"Tipo de cambio nominal";"Honduras";"1995";"9.47099";"[6254]";"[1277]"
"Tipo de cambio nominal";"Honduras";"1996";"11.7053";"[6254]";"[1277]"
"Tipo de cambio nominal";"Honduras";"1997";"13.0035";"[6254]";"[1277]"
"Tipo de cambio nominal";"Honduras";"1998";"13.385";"[6254]";"[1277]"
"Tipo de cambio nominal";"Honduras";"1999";"14.2132";"[6254]";"[1277]"
"Tipo de cambio nominal";"Honduras";"2000";"14.8392";"[6254]";"[1277]"
"Tipo de cambio nominal";"Honduras";"2001";"15.4737";"[6254]";"[1277]"
"Tipo de cambio nominal";"Honduras";"2002";"16.4334";"[6254]";"[1277]"
"Tipo de cambio nominal";"Honduras";"2003";"17.3453";"[6254]";"[1277]"
"Tipo de cambio nominal";"Honduras";"2004";"18.2062";"[6254]";"[1277]"
"Tipo de cambio nominal";"Honduras";"2005";"18.8323";"[6254]";"[1277]"
"Tipo de cambio nominal";"Honduras";"2006";"18.8952";"[6254]";"[1277]"
"Tipo de cambio nominal";"Honduras";"2007";"18.8951";"[6254]";"[1277]"
"Tipo de cambio nominal";"Honduras";"2008";"18.9038";"[6254]";"[1277]"
"Tipo de cambio nominal";"Honduras";"2009";"18.8951";"[6254]";"[1277]"
"Tipo de cambio nominal";"Honduras";"2010";"18.8951";"[6254]";"[1277]"
"Tipo de cambio nominal";"Honduras";"2011";"18.8951";"[6254]";"[1277]"
"Tipo de cambio nominal";"Honduras";"2012";"19.9623";"[6254]";"[1277]"
"Tipo de cambio nominal";"Honduras";"2013";"20.5975";"[6254]";"[1277]"
"Tipo de cambio nominal";"Honduras";"2014";"21.5124";"[6254]";"[1277]"
"Tipo de cambio nominal";"Honduras";"2015";"22.3676";"[6254]";"[1277]"
"Tipo de cambio nominal";"Haití";"1980";"5";"[6252]";"[1277]"
"Tipo de cambio nominal";"Haití";"1981";"5";"[6252]";"[1277]"
"Tipo de cambio nominal";"Haití";"1982";"5";"[6252]";"[1277]"
"Tipo de cambio nominal";"Haití";"1983";"5";"[6252]";"[1277]"
"Tipo de cambio nominal";"Haití";"1984";"5";"[6252]";"[1277]"
"Tipo de cambio nominal";"Haití";"1985";"5";"[6252]";"[1277]"
"Tipo de cambio nominal";"Haití";"1986";"5";"[6252]";"[1277]"
"Tipo de cambio nominal";"Haití";"1987";"5";"[6252]";"[1277]"
"Tipo de cambio nominal";"Haití";"1988";"5";"[6252]";"[1277]"
"Tipo de cambio nominal";"Haití";"1989";"5";"[6252]";"[1277]"
"Tipo de cambio nominal";"Haití";"1990";"5";"[6252]";"[1277]"
"Tipo de cambio nominal";"Haití";"1991";"6.03417";"[6252]";"[1277]"
"Tipo de cambio nominal";"Haití";"1992";"9.80167";"[6252]";"[1277]"
"Tipo de cambio nominal";"Haití";"1993";"12.8225";"[6252]";"[1277]"
"Tipo de cambio nominal";"Haití";"1994";"15.04";"[6252]";"[1277]"
"Tipo de cambio nominal";"Haití";"1995";"15.1097";"[6252]";"[1277]"
"Tipo de cambio nominal";"Haití";"1996";"15.7011";"[6252]";"[1277]"
"Tipo de cambio nominal";"Haití";"1997";"16.6545";"[6252]";"[1277]"
"Tipo de cambio nominal";"Haití";"1998";"16.7657";"[6252]";"[1277]"
"Tipo de cambio nominal";"Haití";"1999";"16.9379";"[6252]";"[1277]"
"Tipo de cambio nominal";"Haití";"2000";"21.1707";"[6252]";"[1277]"
"Tipo de cambio nominal";"Haití";"2001";"24.4291";"[6252]";"[1277]"
"Tipo de cambio nominal";"Haití";"2002";"29.2505";"[6252]";"[1277]"
"Tipo de cambio nominal";"Haití";"2003";"42.3668";"[6252]";"[1277]"
"Tipo de cambio nominal";"Haití";"2004";"38.352";"[6252]";"[1277]"
"Tipo de cambio nominal";"Haití";"2005";"40.4486";"[6252]";"[1277]"
"Tipo de cambio nominal";"Haití";"2006";"40.4085";"[6252]";"[1277]"
"Tipo de cambio nominal";"Haití";"2007";"36.8614";"[6252]";"[1277]"
"Tipo de cambio nominal";"Haití";"2008";"39.1076";"[6252]";"[1277]"
"Tipo de cambio nominal";"Haití";"2009";"41.1976";"[6252]";"[1277]"
"Tipo de cambio nominal";"Haití";"2010";"39.7974";"[6252]";"[1277]"
"Tipo de cambio nominal";"Haití";"2011";"40.5228219393744";"[6252]";"[1277]"
"Tipo de cambio nominal";"Haití";"2012";"41.949725";"[6252]";"[1277]"
"Tipo de cambio nominal";"Haití";"2013";"43.4627833333333";"[6252]";"[1277]"
"Tipo de cambio nominal";"Haití";"2014";"45.2159808923792";"[6252]";"[1277]"
"Tipo de cambio nominal";"Haití";"2015";"50.7064266739439";"[6252]";"[1277]"
"Tipo de cambio nominal";"Jamaica";"1980";"1.78142";"[6704]";"[1277]"
"Tipo de cambio nominal";"Jamaica";"1981";"1.78142";"[6704]";"[1277]"
"Tipo de cambio nominal";"Jamaica";"1982";"1.78142";"[6704]";"[1277]"
"Tipo de cambio nominal";"Jamaica";"1983";"1.93222";"[6704]";"[1277]"
"Tipo de cambio nominal";"Jamaica";"1984";"3.9428";"[6704]";"[1277]"
"Tipo de cambio nominal";"Jamaica";"1985";"5.55856";"[6704]";"[1277]"
"Tipo de cambio nominal";"Jamaica";"1986";"5.47783";"[6704]";"[1277]"
"Tipo de cambio nominal";"Jamaica";"1987";"5.48667";"[6704]";"[1277]"
"Tipo de cambio nominal";"Jamaica";"1988";"5.48855";"[6704]";"[1277]"
"Tipo de cambio nominal";"Jamaica";"1989";"5.74464";"[6704]";"[1277]"
"Tipo de cambio nominal";"Jamaica";"1990";"7.18403";"[6704]";"[1277]"
"Tipo de cambio nominal";"Jamaica";"1991";"12.1159";"[6704]";"[1277]"
"Tipo de cambio nominal";"Jamaica";"1992";"22.9603";"[6704]";"[1277]"
"Tipo de cambio nominal";"Jamaica";"1993";"24.9486";"[6704]";"[1277]"
"Tipo de cambio nominal";"Jamaica";"1994";"33.0859";"[6704]";"[1277]"
"Tipo de cambio nominal";"Jamaica";"1995";"35.1421";"[6704]";"[1277]"
"Tipo de cambio nominal";"Jamaica";"1996";"37.1196";"[6704]";"[1277]"
"Tipo de cambio nominal";"Jamaica";"1997";"35.4045";"[6704]";"[1277]"
"Tipo de cambio nominal";"Jamaica";"1998";"36.55";"[6704]";"[1277]"
"Tipo de cambio nominal";"Jamaica";"1999";"39.0435";"[6704]";"[1277]"
"Tipo de cambio nominal";"Jamaica";"2000";"42.9857";"[6704]";"[1277]"
"Tipo de cambio nominal";"Jamaica";"2001";"45.9962";"[6704]";"[1277]"
"Tipo de cambio nominal";"Jamaica";"2002";"48.4159";"[6704]";"[1277]"
"Tipo de cambio nominal";"Jamaica";"2003";"57.7409";"[6704]";"[1277]"
"Tipo de cambio nominal";"Jamaica";"2004";"61.1972";"[6704]";"[1277]"
"Tipo de cambio nominal";"Jamaica";"2005";"62.2807";"[6704]";"[1277]"
"Tipo de cambio nominal";"Jamaica";"2006";"65.7439";"[6704]";"[1277]"
"Tipo de cambio nominal";"Jamaica";"2007";"69.1922";"[6704]";"[1277]"
"Tipo de cambio nominal";"Jamaica";"2008";"72.7562";"[6704]";"[1277]"
"Tipo de cambio nominal";"Jamaica";"2009";"87.8941";"[6704]";"[1277]"
"Tipo de cambio nominal";"Jamaica";"2010";"87.1961333333333";"[6704]";"[1277]"
"Tipo de cambio nominal";"Jamaica";"2011";"85.8924583333333";"[6704]";"[1277]"
"Tipo de cambio nominal";"Jamaica";"2012";"88.7509416666667";"[6704]";"[1277]"
"Tipo de cambio nominal";"Jamaica";"2013";"100.241055631431";"[6704]";"[1277]"
"Tipo de cambio nominal";"Jamaica";"2014";"110.934529155866";"[6704]";"[1277]"
"Tipo de cambio nominal";"Jamaica";"2015";"116.897590181625";"[6704]";"[1277]"
"Tipo de cambio nominal";"Saint Kitts y Nevis";"1980";"2.7";"[6251]";"[1277]"
"Tipo de cambio nominal";"Saint Kitts y Nevis";"1981";"2.7";"[6251]";"[1277]"
"Tipo de cambio nominal";"Saint Kitts y Nevis";"1982";"2.7";"[6251]";"[1277]"
"Tipo de cambio nominal";"Saint Kitts y Nevis";"1983";"2.7";"[6251]";"[1277]"
"Tipo de cambio nominal";"Saint Kitts y Nevis";"1984";"2.7";"[6251]";"[1277]"
"Tipo de cambio nominal";"Saint Kitts y Nevis";"1985";"2.7";"[6251]";"[1277]"
"Tipo de cambio nominal";"Saint Kitts y Nevis";"1986";"2.7";"[6251]";"[1277]"
"Tipo de cambio nominal";"Saint Kitts y Nevis";"1987";"2.7";"[6251]";"[1277]"
"Tipo de cambio nominal";"Saint Kitts y Nevis";"1988";"2.7";"[6251]";"[1277]"
"Tipo de cambio nominal";"Saint Kitts y Nevis";"1989";"2.7";"[6251]";"[1277]"
"Tipo de cambio nominal";"Saint Kitts y Nevis";"1990";"2.7";"[6251]";"[1277]"
"Tipo de cambio nominal";"Saint Kitts y Nevis";"1991";"2.7";"[6251]";"[1277]"
"Tipo de cambio nominal";"Saint Kitts y Nevis";"1992";"2.7";"[6251]";"[1277]"
"Tipo de cambio nominal";"Saint Kitts y Nevis";"1993";"2.7";"[6251]";"[1277]"
"Tipo de cambio nominal";"Saint Kitts y Nevis";"1994";"2.7";"[6251]";"[1277]"
"Tipo de cambio nominal";"Saint Kitts y Nevis";"1995";"2.7";"[6251]";"[1277]"
"Tipo de cambio nominal";"Saint Kitts y Nevis";"1996";"2.7";"[6251]";"[1277]"
"Tipo de cambio nominal";"Saint Kitts y Nevis";"1997";"2.7";"[6251]";"[1277]"
"Tipo de cambio nominal";"Saint Kitts y Nevis";"1998";"2.7";"[6251]";"[1277]"
"Tipo de cambio nominal";"Saint Kitts y Nevis";"1999";"2.7";"[6251]";"[1277]"
"Tipo de cambio nominal";"Saint Kitts y Nevis";"2000";"2.7";"[6251]";"[1277]"
"Tipo de cambio nominal";"Saint Kitts y Nevis";"2001";"2.7";"[6251]";"[1277]"
"Tipo de cambio nominal";"Saint Kitts y Nevis";"2002";"2.7";"[6251]";"[1277]"
"Tipo de cambio nominal";"Saint Kitts y Nevis";"2003";"2.7";"[6251]";"[1277]"
"Tipo de cambio nominal";"Saint Kitts y Nevis";"2004";"2.7";"[6251]";"[1277]"
"Tipo de cambio nominal";"Saint Kitts y Nevis";"2005";"2.7";"[6251]";"[1277]"
"Tipo de cambio nominal";"Saint Kitts y Nevis";"2006";"2.7";"[6251]";"[1277]"
"Tipo de cambio nominal";"Saint Kitts y Nevis";"2007";"2.7";"[6251]";"[1277]"
"Tipo de cambio nominal";"Saint Kitts y Nevis";"2008";"2.7";"[6251]";"[1277]"
"Tipo de cambio nominal";"Saint Kitts y Nevis";"2009";"2.7";"[6251]";"[1277]"
"Tipo de cambio nominal";"Saint Kitts y Nevis";"2010";"2.7";"[6251]";"[1277]"
"Tipo de cambio nominal";"Saint Kitts y Nevis";"2011";"2.7";"[6251]";"[1277]"
"Tipo de cambio nominal";"Saint Kitts y Nevis";"2012";"2.7";"[6251]";"[1277]"
"Tipo de cambio nominal";"Saint Kitts y Nevis";"2013";"2.7";"[6251]";"[1277]"
"Tipo de cambio nominal";"Saint Kitts y Nevis";"2014";"2.7";"[6251]";"[1277]"
"Tipo de cambio nominal";"Saint Kitts y Nevis";"2015";"2.7";"[6251]";"[1277]"
"Tipo de cambio nominal";"Santa Lucía";"1980";"2.7";"[6251]";"[1277]"
"Tipo de cambio nominal";"Santa Lucía";"1981";"2.7";"[6251]";"[1277]"
"Tipo de cambio nominal";"Santa Lucía";"1982";"2.7";"[6251]";"[1277]"
"Tipo de cambio nominal";"Santa Lucía";"1983";"2.7";"[6251]";"[1277]"
"Tipo de cambio nominal";"Santa Lucía";"1984";"2.7";"[6251]";"[1277]"
"Tipo de cambio nominal";"Santa Lucía";"1985";"2.7";"[6251]";"[1277]"
"Tipo de cambio nominal";"Santa Lucía";"1986";"2.7";"[6251]";"[1277]"
"Tipo de cambio nominal";"Santa Lucía";"1987";"2.7";"[6251]";"[1277]"
"Tipo de cambio nominal";"Santa Lucía";"1988";"2.7";"[6251]";"[1277]"
"Tipo de cambio nominal";"Santa Lucía";"1989";"2.7";"[6251]";"[1277]"
"Tipo de cambio nominal";"Santa Lucía";"1990";"2.7";"[6251]";"[1277]"
"Tipo de cambio nominal";"Santa Lucía";"1991";"2.7";"[6251]";"[1277]"
"Tipo de cambio nominal";"Santa Lucía";"1992";"2.7";"[6251]";"[1277]"
"Tipo de cambio nominal";"Santa Lucía";"1993";"2.7";"[6251]";"[1277]"
"Tipo de cambio nominal";"Santa Lucía";"1994";"2.7";"[6251]";"[1277]"
"Tipo de cambio nominal";"Santa Lucía";"1995";"2.7";"[6251]";"[1277]"
"Tipo de cambio nominal";"Santa Lucía";"1996";"2.7";"[6251]";"[1277]"
"Tipo de cambio nominal";"Santa Lucía";"1997";"2.7";"[6251]";"[1277]"
"Tipo de cambio nominal";"Santa Lucía";"1998";"2.7";"[6251]";"[1277]"
"Tipo de cambio nominal";"Santa Lucía";"1999";"2.7";"[6251]";"[1277]"
"Tipo de cambio nominal";"Santa Lucía";"2000";"2.7";"[6251]";"[1277]"
"Tipo de cambio nominal";"Santa Lucía";"2001";"2.7";"[6251]";"[1277]"
"Tipo de cambio nominal";"Santa Lucía";"2002";"2.7";"[6251]";"[1277]"
"Tipo de cambio nominal";"Santa Lucía";"2003";"2.7";"[6251]";"[1277]"
"Tipo de cambio nominal";"Santa Lucía";"2004";"2.7";"[6251]";"[1277]"
"Tipo de cambio nominal";"Santa Lucía";"2005";"2.7";"[6251]";"[1277]"
"Tipo de cambio nominal";"Santa Lucía";"2006";"2.7";"[6251]";"[1277]"
"Tipo de cambio nominal";"Santa Lucía";"2007";"2.7";"[6251]";"[1277]"
"Tipo de cambio nominal";"Santa Lucía";"2008";"2.7";"[6251]";"[1277]"
"Tipo de cambio nominal";"Santa Lucía";"2009";"2.7";"[6251]";"[1277]"
"Tipo de cambio nominal";"Santa Lucía";"2010";"2.7";"[6251]";"[1277]"
"Tipo de cambio nominal";"Santa Lucía";"2011";"2.7";"[6251]";"[1277]"
"Tipo de cambio nominal";"Santa Lucía";"2012";"2.7";"[6251]";"[1277]"
"Tipo de cambio nominal";"Santa Lucía";"2013";"2.7";"[6251]";"[1277]"
"Tipo de cambio nominal";"Santa Lucía";"2014";"2.7";"[6251]";"[1277]"
"Tipo de cambio nominal";"Santa Lucía";"2015";"2.7";"[6251]";"[1277]"
"Tipo de cambio nominal";"México";"1980";"0.022951";"[6260]";"[1277]"
"Tipo de cambio nominal";"México";"1981";"0.0245146";"[6260]";"[1277]"
"Tipo de cambio nominal";"México";"1982";"0.0564017";"[6260]";"[1277]"
"Tipo de cambio nominal";"México";"1983";"0.120094";"[6260]";"[1277]"
"Tipo de cambio nominal";"México";"1984";"0.167828";"[6260]";"[1277]"
"Tipo de cambio nominal";"México";"1985";"0.256872";"[6260]";"[1277]"
"Tipo de cambio nominal";"México";"1986";"0.611773";"[6260]";"[1277]"
"Tipo de cambio nominal";"México";"1987";"1.37818";"[6260]";"[1277]"
"Tipo de cambio nominal";"México";"1988";"2.27311";"[6260]";"[1277]"
"Tipo de cambio nominal";"México";"1989";"2.46147";"[6260]";"[1277]"
"Tipo de cambio nominal";"México";"1990";"2.8126";"[6260]";"[1277]"
"Tipo de cambio nominal";"México";"1991";"3.01843";"[6260]";"[1277]"
"Tipo de cambio nominal";"México";"1992";"3.0949";"[6260]";"[1277]"
"Tipo de cambio nominal";"México";"1993";"3.11562";"[6260]";"[1277]"
"Tipo de cambio nominal";"México";"1994";"3.37512";"[6260]";"[1277]"
"Tipo de cambio nominal";"México";"1995";"6.41942";"[6260]";"[1277]"
"Tipo de cambio nominal";"México";"1996";"7.59945";"[6260]";"[1277]"
"Tipo de cambio nominal";"México";"1997";"7.91846";"[6260]";"[1277]"
"Tipo de cambio nominal";"México";"1998";"9.13604";"[6260]";"[1277]"
"Tipo de cambio nominal";"México";"1999";"9.5604";"[6260]";"[1277]"
"Tipo de cambio nominal";"México";"2000";"9.45556";"[6260]";"[1277]"
"Tipo de cambio nominal";"México";"2001";"9.34234";"[6260]";"[1277]"
"Tipo de cambio nominal";"México";"2002";"9.65596";"[6260]";"[1277]"
"Tipo de cambio nominal";"México";"2003";"10.789";"[6260]";"[1277]"
"Tipo de cambio nominal";"México";"2004";"11.286";"[6260]";"[1277]"
"Tipo de cambio nominal";"México";"2005";"10.8979";"[6260]";"[1277]"
"Tipo de cambio nominal";"México";"2006";"10.8992";"[6260]";"[1277]"
"Tipo de cambio nominal";"México";"2007";"10.9282";"[6260]";"[1277]"
"Tipo de cambio nominal";"México";"2008";"11.1297";"[6260]";"[1277]"
"Tipo de cambio nominal";"México";"2009";"13.5135";"[6260]";"[1277]"
"Tipo de cambio nominal";"México";"2010";"12.6360083333333";"[6260]";"[1277]"
"Tipo de cambio nominal";"México";"2011";"12.423325";"[6260]";"[1277]"
"Tipo de cambio nominal";"México";"2012";"13.1694583333333";"[6260]";"[1277]"
"Tipo de cambio nominal";"México";"2013";"12.7719916666667";"[6260]";"[1277]"
"Tipo de cambio nominal";"México";"2014";"13.29245";"[6260]";"[1277]"
"Tipo de cambio nominal";"México";"2015";"15.8482666666667";"[6260]";"[1277]"
"Tipo de cambio nominal";"Nicaragua";"1980";"2.94742e-9";"[6702]";"[1277]"
"Tipo de cambio nominal";"Nicaragua";"1981";"2.94742e-9";"[6702]";"[1277]"
"Tipo de cambio nominal";"Nicaragua";"1982";"2.94742e-9";"[6702]";"[1277]"
"Tipo de cambio nominal";"Nicaragua";"1983";"2.94767e-9";"[6702]";"[1277]"
"Tipo de cambio nominal";"Nicaragua";"1984";"2.94767e-9";"[6702]";"[1277]"
"Tipo de cambio nominal";"Nicaragua";"1985";"7.77303e-9";"[6702]";"[1277]"
"Tipo de cambio nominal";"Nicaragua";"1986";"1.95028e-8";"[6702]";"[1277]"
"Tipo de cambio nominal";"Nicaragua";"1987";"2.05293e-8";"[6702]";"[1277]"
"Tipo de cambio nominal";"Nicaragua";"1988";"0.0000539462";"[6702]";"[1277]"
"Tipo de cambio nominal";"Nicaragua";"1989";"0.0031309";"[6702]";"[1277]"
"Tipo de cambio nominal";"Nicaragua";"1990";"0.140922";"[6702]";"[1277]"
"Tipo de cambio nominal";"Nicaragua";"1991";"4.27083";"[6702]";"[1277]"
"Tipo de cambio nominal";"Nicaragua";"1992";"5";"[6702]";"[1277]"
"Tipo de cambio nominal";"Nicaragua";"1993";"5.62041";"[6702]";"[1277]"
"Tipo de cambio nominal";"Nicaragua";"1994";"6.72288";"[6702]";"[1277]"
"Tipo de cambio nominal";"Nicaragua";"1995";"7.54559";"[6702]";"[1277]"
"Tipo de cambio nominal";"Nicaragua";"1996";"8.4355";"[6702]";"[1277]"
"Tipo de cambio nominal";"Nicaragua";"1997";"9.44808";"[6702]";"[1277]"
"Tipo de cambio nominal";"Nicaragua";"1998";"10.5819";"[6702]";"[1277]"
"Tipo de cambio nominal";"Nicaragua";"1999";"11.8093";"[6702]";"[1277]"
"Tipo de cambio nominal";"Nicaragua";"2000";"12.6844";"[6702]";"[1277]"
"Tipo de cambio nominal";"Nicaragua";"2001";"13.3719";"[6702]";"[1277]"
"Tipo de cambio nominal";"Nicaragua";"2002";"14.2513";"[6702]";"[1277]"
"Tipo de cambio nominal";"Nicaragua";"2003";"15.1046";"[6702]";"[1277]"
"Tipo de cambio nominal";"Nicaragua";"2004";"15.9372";"[6702]";"[1277]"
"Tipo de cambio nominal";"Nicaragua";"2005";"16.7333";"[6702]";"[1277]"
"Tipo de cambio nominal";"Nicaragua";"2006";"17.57";"[6702]";"[1277]"
"Tipo de cambio nominal";"Nicaragua";"2007";"18.4485";"[6702]";"[1277]"
"Tipo de cambio nominal";"Nicaragua";"2008";"19.3719";"[6702]";"[1277]"
"Tipo de cambio nominal";"Nicaragua";"2009";"20.3395";"[6702]";"[1277]"
"Tipo de cambio nominal";"Nicaragua";"2010";"21.35645";"[6702]";"[1277]"
"Tipo de cambio nominal";"Nicaragua";"2011";"22.4242706163594";"[6702]";"[1277]"
"Tipo de cambio nominal";"Nicaragua";"2012";"23.5466583333333";"[6702]";"[1277]"
"Tipo de cambio nominal";"Nicaragua";"2013";"24.7227641666667";"[6702]";"[1277]"
"Tipo de cambio nominal";"Nicaragua";"2014";"25.9589003667435";"[6702]";"[1277]"
"Tipo de cambio nominal";"Nicaragua";"2015";"27.2568449404762";"[6702]";"[1277]"
"Tipo de cambio nominal";"Panamá";"1980";"1";"[6238]";"[1277]"
"Tipo de cambio nominal";"Panamá";"1981";"1";"[6238]";"[1277]"
"Tipo de cambio nominal";"Panamá";"1982";"1";"[6238]";"[1277]"
"Tipo de cambio nominal";"Panamá";"1983";"1";"[6238]";"[1277]"
"Tipo de cambio nominal";"Panamá";"1984";"1";"[6238]";"[1277]"
"Tipo de cambio nominal";"Panamá";"1985";"1";"[6238]";"[1277]"
"Tipo de cambio nominal";"Panamá";"1986";"1";"[6238]";"[1277]"
"Tipo de cambio nominal";"Panamá";"1987";"1";"[6238]";"[1277]"
"Tipo de cambio nominal";"Panamá";"1988";"1";"[6238]";"[1277]"
"Tipo de cambio nominal";"Panamá";"1989";"1";"[6238]";"[1277]"
"Tipo de cambio nominal";"Panamá";"1990";"1";"[6238]";"[1277]"
"Tipo de cambio nominal";"Panamá";"1991";"1";"[6238]";"[1277]"
"Tipo de cambio nominal";"Panamá";"1992";"1";"[6238]";"[1277]"
"Tipo de cambio nominal";"Panamá";"1993";"1";"[6238]";"[1277]"
"Tipo de cambio nominal";"Panamá";"1994";"1";"[6238]";"[1277]"
"Tipo de cambio nominal";"Panamá";"1995";"1";"[6238]";"[1277]"
"Tipo de cambio nominal";"Panamá";"1996";"1";"[6238]";"[1277]"
"Tipo de cambio nominal";"Panamá";"1997";"1";"[6238]";"[1277]"
"Tipo de cambio nominal";"Panamá";"1998";"1";"[6238]";"[1277]"
"Tipo de cambio nominal";"Panamá";"1999";"1";"[6238]";"[1277]"
"Tipo de cambio nominal";"Panamá";"2000";"1";"[6238]";"[1277]"
"Tipo de cambio nominal";"Panamá";"2001";"1";"[6238]";"[1277]"
"Tipo de cambio nominal";"Panamá";"2002";"1";"[6238]";"[1277]"
"Tipo de cambio nominal";"Panamá";"2003";"1";"[6238]";"[1277]"
"Tipo de cambio nominal";"Panamá";"2004";"1";"[6238]";"[1277]"
"Tipo de cambio nominal";"Panamá";"2005";"1";"[6238]";"[1277]"
"Tipo de cambio nominal";"Panamá";"2006";"1";"[6238]";"[1277]"
"Tipo de cambio nominal";"Panamá";"2007";"1";"[6238]";"[1277]"
"Tipo de cambio nominal";"Panamá";"2008";"1";"[6238]";"[1277]"
"Tipo de cambio nominal";"Panamá";"2009";"1";"[6238]";"[1277]"
"Tipo de cambio nominal";"Panamá";"2010";"1";"[6238]";"[1277]"
"Tipo de cambio nominal";"Panamá";"2011";"1";"[6238]";"[1277]"
"Tipo de cambio nominal";"Panamá";"2012";"1";"[6238]";"[1277]"
"Tipo de cambio nominal";"Panamá";"2013";"1";"[6238]";"[1277]"
"Tipo de cambio nominal";"Panamá";"2014";"1";"[6238]";"[1277]"
"Tipo de cambio nominal";"Panamá";"2015";"1";"[6238]";"[1277]"
"Tipo de cambio nominal";"Perú";"1980";"2.88855e-7";"[6256]";"[1277]"
"Tipo de cambio nominal";"Perú";"1981";"4.22318e-7";"[6256]";"[1277]"
"Tipo de cambio nominal";"Perú";"1982";"6.97567e-7";"[6256]";"[1277]"
"Tipo de cambio nominal";"Perú";"1983";"0.00000162863";"[6256]";"[1277]"
"Tipo de cambio nominal";"Perú";"1984";"0.00000346685";"[6256]";"[1277]"
"Tipo de cambio nominal";"Perú";"1985";"0.0000109749";"[6256]";"[1277]"
"Tipo de cambio nominal";"Perú";"1986";"0.0000139475";"[6256]";"[1277]"
"Tipo de cambio nominal";"Perú";"1987";"0.0000168358";"[6256]";"[1277]"
"Tipo de cambio nominal";"Perú";"1988";"0.000128832";"[6256]";"[1277]"
"Tipo de cambio nominal";"Perú";"1989";"0.00266619";"[6256]";"[1277]"
"Tipo de cambio nominal";"Perú";"1990";"0.187886";"[6256]";"[1277]"
"Tipo de cambio nominal";"Perú";"1991";"0.7725";"[6256]";"[1277]"
"Tipo de cambio nominal";"Perú";"1992";"1.24583";"[6256]";"[1277]"
"Tipo de cambio nominal";"Perú";"1993";"1.98832";"[6256]";"[1277]"
"Tipo de cambio nominal";"Perú";"1994";"2.195";"[6256]";"[1277]"
"Tipo de cambio nominal";"Perú";"1995";"2.25333";"[6256]";"[1277]"
"Tipo de cambio nominal";"Perú";"1996";"2.45333";"[6256]";"[1277]"
"Tipo de cambio nominal";"Perú";"1997";"2.66417";"[6256]";"[1277]"
"Tipo de cambio nominal";"Perú";"1998";"2.93";"[6256]";"[1277]"
"Tipo de cambio nominal";"Perú";"1999";"3.38333";"[6256]";"[1277]"
"Tipo de cambio nominal";"Perú";"2000";"3.49";"[6256]";"[1277]"
"Tipo de cambio nominal";"Perú";"2001";"3.50683";"[6256]";"[1277]"
"Tipo de cambio nominal";"Perú";"2002";"3.5165";"[6256]";"[1277]"
"Tipo de cambio nominal";"Perú";"2003";"3.47847";"[6256]";"[1277]"
"Tipo de cambio nominal";"Perú";"2004";"3.41318";"[6256]";"[1277]"
"Tipo de cambio nominal";"Perú";"2005";"3.29584";"[6256]";"[1277]"
"Tipo de cambio nominal";"Perú";"2006";"3.27403";"[6256]";"[1277]"
"Tipo de cambio nominal";"Perú";"2007";"3.12804";"[6256]";"[1277]"
"Tipo de cambio nominal";"Perú";"2008";"2.92441";"[6256]";"[1277]"
"Tipo de cambio nominal";"Perú";"2009";"3.01151";"[6256]";"[1277]"
"Tipo de cambio nominal";"Perú";"2010";"2.825125";"[6256]";"[1277]"
"Tipo de cambio nominal";"Perú";"2011";"2.7541";"[6256]";"[1277]"
"Tipo de cambio nominal";"Perú";"2012";"2.63758666666667";"[6256]";"[1277]"
"Tipo de cambio nominal";"Perú";"2013";"2.70189902597403";"[6256]";"[1277]"
"Tipo de cambio nominal";"Perú";"2014";"2.83904413780664";"[6256]";"[1277]"
"Tipo de cambio nominal";"Perú";"2015";"3.18443924152237";"[6256]";"[1277]"
"Tipo de cambio nominal";"Paraguay";"1980";"126";"[6253]";"[1277]"
"Tipo de cambio nominal";"Paraguay";"1981";"126";"[6253]";"[1277]"
"Tipo de cambio nominal";"Paraguay";"1982";"126";"[6253]";"[1277]"
"Tipo de cambio nominal";"Paraguay";"1983";"126";"[6253]";"[1277]"
"Tipo de cambio nominal";"Paraguay";"1984";"201";"[6253]";"[1277]"
"Tipo de cambio nominal";"Paraguay";"1985";"306.667";"[6253]";"[1277]"
"Tipo de cambio nominal";"Paraguay";"1986";"339.167";"[6253]";"[1277]"
"Tipo de cambio nominal";"Paraguay";"1987";"550";"[6253]";"[1277]"
"Tipo de cambio nominal";"Paraguay";"1988";"550";"[6253]";"[1277]"
"Tipo de cambio nominal";"Paraguay";"1989";"1056.22";"[6253]";"[1277]"
"Tipo de cambio nominal";"Paraguay";"1990";"1229.81";"[6253]";"[1277]"
"Tipo de cambio nominal";"Paraguay";"1991";"1325.18";"[6253]";"[1277]"
"Tipo de cambio nominal";"Paraguay";"1992";"1500.26";"[6253]";"[1277]"
"Tipo de cambio nominal";"Paraguay";"1993";"1744.35";"[6253]";"[1277]"
"Tipo de cambio nominal";"Paraguay";"1994";"1904.76";"[6253]";"[1277]"
"Tipo de cambio nominal";"Paraguay";"1995";"1963.02";"[6253]";"[1277]"
"Tipo de cambio nominal";"Paraguay";"1996";"2056.81";"[6253]";"[1277]"
"Tipo de cambio nominal";"Paraguay";"1997";"2177.86";"[6253]";"[1277]"
"Tipo de cambio nominal";"Paraguay";"1998";"2726.49";"[6253]";"[1277]"
"Tipo de cambio nominal";"Paraguay";"1999";"3119.07";"[6253]";"[1277]"
"Tipo de cambio nominal";"Paraguay";"2000";"3486.35";"[6253]";"[1277]"
"Tipo de cambio nominal";"Paraguay";"2001";"4105.93";"[6253]";"[1277]"
"Tipo de cambio nominal";"Paraguay";"2002";"5716.26";"[6253]";"[1277]"
"Tipo de cambio nominal";"Paraguay";"2003";"6424.34";"[6253]";"[1277]"
"Tipo de cambio nominal";"Paraguay";"2004";"5974.58";"[6253]";"[1277]"
"Tipo de cambio nominal";"Paraguay";"2005";"6177.96";"[6253]";"[1277]"
"Tipo de cambio nominal";"Paraguay";"2006";"5635.46";"[6253]";"[1277]"
"Tipo de cambio nominal";"Paraguay";"2007";"5032.72";"[6253]";"[1277]"
"Tipo de cambio nominal";"Paraguay";"2008";"4363.24";"[6253]";"[1277]"
"Tipo de cambio nominal";"Paraguay";"2009";"4965.39";"[6253]";"[1277]"
"Tipo de cambio nominal";"Paraguay";"2010";"4735.46083333333";"[6253]";"[1277]"
"Tipo de cambio nominal";"Paraguay";"2011";"4191.41625";"[6253]";"[1277]"
"Tipo de cambio nominal";"Paraguay";"2012";"4424.9175";"[6253]";"[1277]"
"Tipo de cambio nominal";"Paraguay";"2013";"4320.67416666667";"[6253]";"[1277]"
"Tipo de cambio nominal";"Paraguay";"2014";"4462.19166666667";"[6253]";"[1277]"
"Tipo de cambio nominal";"Paraguay";"2015";"5204.91";"[6253]";"[1277]"
"Tipo de cambio nominal";"El Salvador";"1980";"1";"[6243]";"[1277]"
"Tipo de cambio nominal";"El Salvador";"1981";"1";"[6243]";"[1277]"
"Tipo de cambio nominal";"El Salvador";"1982";"1";"[6243]";"[1277]"
"Tipo de cambio nominal";"El Salvador";"1983";"1";"[6243]";"[1277]"
"Tipo de cambio nominal";"El Salvador";"1984";"1";"[6243]";"[1277]"
"Tipo de cambio nominal";"El Salvador";"1985";"1";"[6243]";"[1277]"
"Tipo de cambio nominal";"El Salvador";"1986";"1";"[6243]";"[1277]"
"Tipo de cambio nominal";"El Salvador";"1987";"1";"[6243]";"[1277]"
"Tipo de cambio nominal";"El Salvador";"1988";"1";"[6243]";"[1277]"
"Tipo de cambio nominal";"El Salvador";"1989";"1";"[6243]";"[1277]"
"Tipo de cambio nominal";"El Salvador";"1990";"1";"[6243]";"[1277]"
"Tipo de cambio nominal";"El Salvador";"1991";"1";"[6243]";"[1277]"
"Tipo de cambio nominal";"El Salvador";"1992";"1";"[6243]";"[1277]"
"Tipo de cambio nominal";"El Salvador";"1993";"1";"[6243]";"[1277]"
"Tipo de cambio nominal";"El Salvador";"1994";"1";"[6243]";"[1277]"
"Tipo de cambio nominal";"El Salvador";"1995";"1";"[6243]";"[1277]"
"Tipo de cambio nominal";"El Salvador";"1996";"1";"[6243]";"[1277]"
"Tipo de cambio nominal";"El Salvador";"1997";"1";"[6243]";"[1277]"
"Tipo de cambio nominal";"El Salvador";"1998";"1";"[6243]";"[1277]"
"Tipo de cambio nominal";"El Salvador";"1999";"1";"[6243]";"[1277]"
"Tipo de cambio nominal";"El Salvador";"2000";"1";"[6243]";"[1277]"
"Tipo de cambio nominal";"El Salvador";"2001";"1";"[6243]";"[1277]"
"Tipo de cambio nominal";"El Salvador";"2002";"1";"[6243]";"[1277]"
"Tipo de cambio nominal";"El Salvador";"2003";"1";"[6243]";"[1277]"
"Tipo de cambio nominal";"El Salvador";"2004";"1";"[6243]";"[1277]"
"Tipo de cambio nominal";"El Salvador";"2005";"1";"[6243]";"[1277]"
"Tipo de cambio nominal";"El Salvador";"2006";"1";"[6243]";"[1277]"
"Tipo de cambio nominal";"El Salvador";"2007";"1";"[6243]";"[1277]"
"Tipo de cambio nominal";"El Salvador";"2008";"1";"[6243]";"[1277]"
"Tipo de cambio nominal";"El Salvador";"2009";"1";"[6243]";"[1277]"
"Tipo de cambio nominal";"El Salvador";"2010";"1";"[6243]";"[1277]"
"Tipo de cambio nominal";"El Salvador";"2011";"1";"[6243]";"[1277]"
"Tipo de cambio nominal";"El Salvador";"2012";"1";"[6243]";"[1277]"
"Tipo de cambio nominal";"El Salvador";"2013";"1";"[6243]";"[1277]"
"Tipo de cambio nominal";"El Salvador";"2014";"1";"[6243]";"[1277]"
"Tipo de cambio nominal";"El Salvador";"2015";"1";"[6243]";"[1277]"
"Tipo de cambio nominal";"Suriname";"1980";"0.001785";"[6248]";"[1277]"
"Tipo de cambio nominal";"Suriname";"1981";"0.001785";"[6248]";"[1277]"
"Tipo de cambio nominal";"Suriname";"1982";"0.001785";"[6248]";"[1277]"
"Tipo de cambio nominal";"Suriname";"1983";"0.001785";"[6248]";"[1277]"
"Tipo de cambio nominal";"Suriname";"1984";"0.001785";"[6248]";"[1277]"
"Tipo de cambio nominal";"Suriname";"1985";"0.001785";"[6248]";"[1277]"
"Tipo de cambio nominal";"Suriname";"1986";"0.001785";"[6248]";"[1277]"
"Tipo de cambio nominal";"Suriname";"1987";"0.001785";"[6248]";"[1277]"
"Tipo de cambio nominal";"Suriname";"1988";"0.001785";"[6248]";"[1277]"
"Tipo de cambio nominal";"Suriname";"1989";"0.001785";"[6248]";"[1277]"
"Tipo de cambio nominal";"Suriname";"1990";"0.001785";"[6248]";"[1277]"
"Tipo de cambio nominal";"Suriname";"1991";"0.001785";"[6248]";"[1277]"
"Tipo de cambio nominal";"Suriname";"1992";"0.001785";"[6248]";"[1277]"
"Tipo de cambio nominal";"Suriname";"1993";"0.001785";"[6248]";"[1277]"
"Tipo de cambio nominal";"Suriname";"1994";"0.222461";"[6248]";"[1277]"
"Tipo de cambio nominal";"Suriname";"1995";"0.442772";"[6248]";"[1277]"
"Tipo de cambio nominal";"Suriname";"1996";"0.401018";"[6248]";"[1277]"
"Tipo de cambio nominal";"Suriname";"1997";"0.401566";"[6248]";"[1277]"
"Tipo de cambio nominal";"Suriname";"1998";"0.401606";"[6248]";"[1277]"
"Tipo de cambio nominal";"Suriname";"1999";"0.834084";"[6248]";"[1277]"
"Tipo de cambio nominal";"Suriname";"2000";"1.32249";"[6248]";"[1277]"
"Tipo de cambio nominal";"Suriname";"2001";"2.17818";"[6248]";"[1277]"
"Tipo de cambio nominal";"Suriname";"2002";"2.34675";"[6248]";"[1277]"
"Tipo de cambio nominal";"Suriname";"2003";"2.60133";"[6248]";"[1277]"
"Tipo de cambio nominal";"Suriname";"2004";"2.73358";"[6248]";"[1277]"
"Tipo de cambio nominal";"Suriname";"2005";"2.73167";"[6248]";"[1277]"
"Tipo de cambio nominal";"Suriname";"2006";"2.74375";"[6248]";"[1277]"
"Tipo de cambio nominal";"Suriname";"2007";"2.745";"[6248]";"[1277]"
"Tipo de cambio nominal";"Suriname";"2008";"2.745";"[6248]";"[1277]"
"Tipo de cambio nominal";"Suriname";"2009";"2.745";"[6248]";"[1277]"
"Tipo de cambio nominal";"Suriname";"2010";"2.74541666666667";"[6248]";"[1277]"
"Tipo de cambio nominal";"Suriname";"2011";"3.268";"[6248]";"[1277]"
"Tipo de cambio nominal";"Suriname";"2012";"3.3";"[6248]";"[1277]"
"Tipo de cambio nominal";"Suriname";"2013";"3.3";"[6248]";"[1277]"
"Tipo de cambio nominal";"Suriname";"2014";"3.3";"[6248]";"[1277]"
"Tipo de cambio nominal";"Suriname";"2015";"3.41666666666667";"[6248]";"[1277]"
"Tipo de cambio nominal";"Trinidad y Tabago";"1980";"2.4";"[6249]";"[1277]"
"Tipo de cambio nominal";"Trinidad y Tabago";"1981";"2.4";"[6249]";"[1277]"
"Tipo de cambio nominal";"Trinidad y Tabago";"1982";"2.4";"[6249]";"[1277]"
"Tipo de cambio nominal";"Trinidad y Tabago";"1983";"2.4";"[6249]";"[1277]"
"Tipo de cambio nominal";"Trinidad y Tabago";"1984";"2.4";"[6249]";"[1277]"
"Tipo de cambio nominal";"Trinidad y Tabago";"1985";"2.45";"[6249]";"[1277]"
"Tipo de cambio nominal";"Trinidad y Tabago";"1986";"3.6";"[6249]";"[1277]"
"Tipo de cambio nominal";"Trinidad y Tabago";"1987";"3.6";"[6249]";"[1277]"
"Tipo de cambio nominal";"Trinidad y Tabago";"1988";"3.84375";"[6249]";"[1277]"
"Tipo de cambio nominal";"Trinidad y Tabago";"1989";"4.25";"[6249]";"[1277]"
"Tipo de cambio nominal";"Trinidad y Tabago";"1990";"4.25";"[6249]";"[1277]"
"Tipo de cambio nominal";"Trinidad y Tabago";"1991";"4.25";"[6249]";"[1277]"
"Tipo de cambio nominal";"Trinidad y Tabago";"1992";"4.25";"[6249]";"[1277]"
"Tipo de cambio nominal";"Trinidad y Tabago";"1993";"5.3511";"[6249]";"[1277]"
"Tipo de cambio nominal";"Trinidad y Tabago";"1994";"5.92493";"[6249]";"[1277]"
"Tipo de cambio nominal";"Trinidad y Tabago";"1995";"5.9478";"[6249]";"[1277]"
"Tipo de cambio nominal";"Trinidad y Tabago";"1996";"6.00507";"[6249]";"[1277]"
"Tipo de cambio nominal";"Trinidad y Tabago";"1997";"6.25168";"[6249]";"[1277]"
"Tipo de cambio nominal";"Trinidad y Tabago";"1998";"6.29831";"[6249]";"[1277]"
"Tipo de cambio nominal";"Trinidad y Tabago";"1999";"6.2989";"[6249]";"[1277]"
"Tipo de cambio nominal";"Trinidad y Tabago";"2000";"6.2998";"[6249]";"[1277]"
"Tipo de cambio nominal";"Trinidad y Tabago";"2001";"6.23322";"[6249]";"[1277]"
"Tipo de cambio nominal";"Trinidad y Tabago";"2002";"6.24868";"[6249]";"[1277]"
"Tipo de cambio nominal";"Trinidad y Tabago";"2003";"6.2951";"[6249]";"[1277]"
"Tipo de cambio nominal";"Trinidad y Tabago";"2004";"6.29899";"[6249]";"[1277]"
"Tipo de cambio nominal";"Trinidad y Tabago";"2005";"6.29956";"[6249]";"[1277]"
"Tipo de cambio nominal";"Trinidad y Tabago";"2006";"6.31228";"[6249]";"[1277]"
"Tipo de cambio nominal";"Trinidad y Tabago";"2007";"6.32803";"[6249]";"[1277]"
"Tipo de cambio nominal";"Trinidad y Tabago";"2008";"6.28943";"[6249]";"[1277]"
"Tipo de cambio nominal";"Trinidad y Tabago";"2009";"6.32491";"[6249]";"[1277]"
"Tipo de cambio nominal";"Trinidad y Tabago";"2010";"6.37550833333333";"[6249]";"[1277]"
"Tipo de cambio nominal";"Trinidad y Tabago";"2011";"6.40930070568578";"[6249]";"[1277]"
"Tipo de cambio nominal";"Trinidad y Tabago";"2012";"6.42960333333333";"[6249]";"[1277]"
"Tipo de cambio nominal";"Trinidad y Tabago";"2013";"6.44262939764659";"[6249]";"[1277]"
"Tipo de cambio nominal";"Trinidad y Tabago";"2014";"6.40909457829793";"[6249]";"[1277]"
"Tipo de cambio nominal";"Trinidad y Tabago";"2015";"6.37744166666667";"[6249]";"[1277]"
"Tipo de cambio nominal";"Uruguay";"1980";"0.0090725";"[6261]";"[1277]"
"Tipo de cambio nominal";"Uruguay";"1981";"0.0107933";"[6261]";"[1277]"
"Tipo de cambio nominal";"Uruguay";"1982";"0.0138533";"[6261]";"[1277]"
"Tipo de cambio nominal";"Uruguay";"1983";"0.0343758";"[6261]";"[1277]"
"Tipo de cambio nominal";"Uruguay";"1984";"0.0558933";"[6261]";"[1277]"
"Tipo de cambio nominal";"Uruguay";"1985";"0.101156";"[6261]";"[1277]"
"Tipo de cambio nominal";"Uruguay";"1986";"0.151434";"[6261]";"[1277]"
"Tipo de cambio nominal";"Uruguay";"1987";"0.225522";"[6261]";"[1277]"
"Tipo de cambio nominal";"Uruguay";"1988";"0.358508";"[6261]";"[1277]"
"Tipo de cambio nominal";"Uruguay";"1989";"0.621178";"[6261]";"[1277]"
"Tipo de cambio nominal";"Uruguay";"1990";"1.16948";"[6261]";"[1277]"
"Tipo de cambio nominal";"Uruguay";"1991";"2.01766";"[6261]";"[1277]"
"Tipo de cambio nominal";"Uruguay";"1992";"3.02481";"[6261]";"[1277]"
"Tipo de cambio nominal";"Uruguay";"1993";"3.94109";"[6261]";"[1277]"
"Tipo de cambio nominal";"Uruguay";"1994";"5.04392";"[6261]";"[1277]"
"Tipo de cambio nominal";"Uruguay";"1995";"6.349";"[6261]";"[1277]"
"Tipo de cambio nominal";"Uruguay";"1996";"7.97183";"[6261]";"[1277]"
"Tipo de cambio nominal";"Uruguay";"1997";"9.44183";"[6261]";"[1277]"
"Tipo de cambio nominal";"Uruguay";"1998";"10.4719";"[6261]";"[1277]"
"Tipo de cambio nominal";"Uruguay";"1999";"11.3393";"[6261]";"[1277]"
"Tipo de cambio nominal";"Uruguay";"2000";"12.0996";"[6261]";"[1277]"
"Tipo de cambio nominal";"Uruguay";"2001";"13.3191";"[6261]";"[1277]"
"Tipo de cambio nominal";"Uruguay";"2002";"21.257";"[6261]";"[1277]"
"Tipo de cambio nominal";"Uruguay";"2003";"28.2087";"[6261]";"[1277]"
"Tipo de cambio nominal";"Uruguay";"2004";"28.7037";"[6261]";"[1277]"
"Tipo de cambio nominal";"Uruguay";"2005";"24.4786";"[6261]";"[1277]"
"Tipo de cambio nominal";"Uruguay";"2006";"24.0734";"[6261]";"[1277]"
"Tipo de cambio nominal";"Uruguay";"2007";"23.471";"[6261]";"[1277]"
"Tipo de cambio nominal";"Uruguay";"2008";"20.9493";"[6261]";"[1277]"
"Tipo de cambio nominal";"Uruguay";"2009";"22.568";"[6261]";"[1277]"
"Tipo de cambio nominal";"Uruguay";"2010";"20.059275";"[6261]";"[1277]"
"Tipo de cambio nominal";"Uruguay";"2011";"19.3142083333333";"[6261]";"[1277]"
"Tipo de cambio nominal";"Uruguay";"2012";"20.310575";"[6261]";"[1277]"
"Tipo de cambio nominal";"Uruguay";"2013";"20.481608333333295";"[6261]";"[1277]"
"Tipo de cambio nominal";"Uruguay";"2014";"23.246025";"[6261]";"[1277]"
"Tipo de cambio nominal";"Uruguay";"2015";"27.327366666666695";"[6261]";"[1277]"
"Tipo de cambio nominal";"San Vicente y las Granadinas";"1980";"2.7";"[6251]";"[1277]"
"Tipo de cambio nominal";"San Vicente y las Granadinas";"1981";"2.7";"[6251]";"[1277]"
"Tipo de cambio nominal";"San Vicente y las Granadinas";"1982";"2.7";"[6251]";"[1277]"
"Tipo de cambio nominal";"San Vicente y las Granadinas";"1983";"2.7";"[6251]";"[1277]"
"Tipo de cambio nominal";"San Vicente y las Granadinas";"1984";"2.7";"[6251]";"[1277]"
"Tipo de cambio nominal";"San Vicente y las Granadinas";"1985";"2.7";"[6251]";"[1277]"
"Tipo de cambio nominal";"San Vicente y las Granadinas";"1986";"2.7";"[6251]";"[1277]"
"Tipo de cambio nominal";"San Vicente y las Granadinas";"1987";"2.7";"[6251]";"[1277]"
"Tipo de cambio nominal";"San Vicente y las Granadinas";"1988";"2.7";"[6251]";"[1277]"
"Tipo de cambio nominal";"San Vicente y las Granadinas";"1989";"2.7";"[6251]";"[1277]"
"Tipo de cambio nominal";"San Vicente y las Granadinas";"1990";"2.7";"[6251]";"[1277]"
"Tipo de cambio nominal";"San Vicente y las Granadinas";"1991";"2.7";"[6251]";"[1277]"
"Tipo de cambio nominal";"San Vicente y las Granadinas";"1992";"2.7";"[6251]";"[1277]"
"Tipo de cambio nominal";"San Vicente y las Granadinas";"1993";"2.7";"[6251]";"[1277]"
"Tipo de cambio nominal";"San Vicente y las Granadinas";"1994";"2.7";"[6251]";"[1277]"
"Tipo de cambio nominal";"San Vicente y las Granadinas";"1995";"2.7";"[6251]";"[1277]"
"Tipo de cambio nominal";"San Vicente y las Granadinas";"1996";"2.7";"[6251]";"[1277]"
"Tipo de cambio nominal";"San Vicente y las Granadinas";"1997";"2.7";"[6251]";"[1277]"
"Tipo de cambio nominal";"San Vicente y las Granadinas";"1998";"2.7";"[6251]";"[1277]"
"Tipo de cambio nominal";"San Vicente y las Granadinas";"1999";"2.7";"[6251]";"[1277]"
"Tipo de cambio nominal";"San Vicente y las Granadinas";"2000";"2.7";"[6251]";"[1277]"
"Tipo de cambio nominal";"San Vicente y las Granadinas";"2001";"2.7";"[6251]";"[1277]"
"Tipo de cambio nominal";"San Vicente y las Granadinas";"2002";"2.7";"[6251]";"[1277]"
"Tipo de cambio nominal";"San Vicente y las Granadinas";"2003";"2.7";"[6251]";"[1277]"
"Tipo de cambio nominal";"San Vicente y las Granadinas";"2004";"2.7";"[6251]";"[1277]"
"Tipo de cambio nominal";"San Vicente y las Granadinas";"2005";"2.7";"[6251]";"[1277]"
"Tipo de cambio nominal";"San Vicente y las Granadinas";"2006";"2.7";"[6251]";"[1277]"
"Tipo de cambio nominal";"San Vicente y las Granadinas";"2007";"2.7";"[6251]";"[1277]"
"Tipo de cambio nominal";"San Vicente y las Granadinas";"2008";"2.7";"[6251]";"[1277]"
"Tipo de cambio nominal";"San Vicente y las Granadinas";"2009";"2.7";"[6251]";"[1277]"
"Tipo de cambio nominal";"San Vicente y las Granadinas";"2010";"2.7";"[6251]";"[1277]"
"Tipo de cambio nominal";"San Vicente y las Granadinas";"2011";"2.7";"[6251]";"[1277]"
"Tipo de cambio nominal";"San Vicente y las Granadinas";"2012";"2.7";"[6251]";"[1277]"
"Tipo de cambio nominal";"San Vicente y las Granadinas";"2013";"2.7";"[6251]";"[1277]"
"Tipo de cambio nominal";"San Vicente y las Granadinas";"2014";"2.7";"[6251]";"[1277]"
"Tipo de cambio nominal";"San Vicente y las Granadinas";"2015";"2.7";"[6251]";"[1277]"
"Tipo de cambio nominal";"Venezuela (República Bolivariana de)";"1980";"0.0043";"[6803]";"[1277]"
"Tipo de cambio nominal";"Venezuela (República Bolivariana de)";"1981";"0.0043";"[6803]";"[1277]"
"Tipo de cambio nominal";"Venezuela (República Bolivariana de)";"1982";"0.0043";"[6803]";"[1277]"
"Tipo de cambio nominal";"Venezuela (República Bolivariana de)";"1983";"0.0043";"[6803]";"[1277]"
"Tipo de cambio nominal";"Venezuela (República Bolivariana de)";"1984";"0.00701667";"[6803]";"[1277]"
"Tipo de cambio nominal";"Venezuela (República Bolivariana de)";"1985";"0.0075";"[6803]";"[1277]"
"Tipo de cambio nominal";"Venezuela (República Bolivariana de)";"1986";"0.00808333";"[6803]";"[1277]"
"Tipo de cambio nominal";"Venezuela (República Bolivariana de)";"1987";"0.0145";"[6803]";"[1277]"
"Tipo de cambio nominal";"Venezuela (República Bolivariana de)";"1988";"0.0145";"[6803]";"[1277]"
"Tipo de cambio nominal";"Venezuela (República Bolivariana de)";"1989";"0.0346917";"[6803]";"[1277]"
"Tipo de cambio nominal";"Venezuela (República Bolivariana de)";"1990";"0.0468917";"[6803]";"[1277]"
"Tipo de cambio nominal";"Venezuela (República Bolivariana de)";"1991";"0.056825";"[6803]";"[1277]"
"Tipo de cambio nominal";"Venezuela (República Bolivariana de)";"1992";"0.0683833";"[6803]";"[1277]"
"Tipo de cambio nominal";"Venezuela (República Bolivariana de)";"1993";"0.0908417";"[6803]";"[1277]"
"Tipo de cambio nominal";"Venezuela (República Bolivariana de)";"1994";"0.146858";"[6803]";"[1277]"
"Tipo de cambio nominal";"Venezuela (República Bolivariana de)";"1995";"0.176842";"[6803]";"[1277]"
"Tipo de cambio nominal";"Venezuela (República Bolivariana de)";"1996";"0.41735";"[6803]";"[1277]"
"Tipo de cambio nominal";"Venezuela (República Bolivariana de)";"1997";"0.488633";"[6803]";"[1277]"
"Tipo de cambio nominal";"Venezuela (República Bolivariana de)";"1998";"0.547567";"[6803]";"[1277]"
"Tipo de cambio nominal";"Venezuela (República Bolivariana de)";"1999";"0.605725";"[6803]";"[1277]"
"Tipo de cambio nominal";"Venezuela (República Bolivariana de)";"2000";"0.679967";"[6803]";"[1277]"
"Tipo de cambio nominal";"Venezuela (República Bolivariana de)";"2001";"0.723658";"[6803]";"[1277]"
"Tipo de cambio nominal";"Venezuela (República Bolivariana de)";"2002";"1.16095";"[6803]";"[1277]"
"Tipo de cambio nominal";"Venezuela (República Bolivariana de)";"2003";"1.60696";"[6803]";"[1277]"
"Tipo de cambio nominal";"Venezuela (República Bolivariana de)";"2004";"1.89133";"[6803]";"[1277]"
"Tipo de cambio nominal";"Venezuela (República Bolivariana de)";"2005";"2.08975";"[6803]";"[1277]"
"Tipo de cambio nominal";"Venezuela (República Bolivariana de)";"2006";"2.147";"[6803]";"[1277]"
"Tipo de cambio nominal";"Venezuela (República Bolivariana de)";"2007";"2.147";"[6803]";"[1277]"
"Tipo de cambio nominal";"Venezuela (República Bolivariana de)";"2008";"2.147";"[6803]";"[1277]"
"Tipo de cambio nominal";"Venezuela (República Bolivariana de)";"2009";"2.147";"[6803]";"[1277]"
"Tipo de cambio nominal";"Venezuela (República Bolivariana de)";"2011";"4.2893";"[6803]";"[1277]"
"Tipo de cambio nominal";"Venezuela (República Bolivariana de)";"2012";"4.2893";"[6803]";"[1277]"
"Tipo de cambio nominal";"Venezuela (República Bolivariana de)";"2013";"6.04796184166667";"[6803]";"[1277]"
"Tipo de cambio nominal";"Venezuela (República Bolivariana de)";"2014";"6.28385";"[6803]";"[1277]"
"Tipo de cambio nominal";"Venezuela (República Bolivariana de)";"2015";"6.2842";"[6803]";"[1277]"
"Tipo de cambio nominal";"Venezuela (República Bolivariana de)";"2016";"9.11381333333";"[6803] [7775]";"[1277]"
"Tipo de cambio nominal";"San Vicente y las Granadinas";"2016";"2.7";"[6251] [7775]";"[1277]"
"Tipo de cambio nominal";"Uruguay";"2016";"30.43824";"[6261] [7775]";"[1277]"
"Tipo de cambio nominal";"Trinidad y Tabago";"2016";"6.6413435";"[6249] [7775]";"[1277]"
"Tipo de cambio nominal";"Suriname";"2016";"5.87870097713982";"[6248] [7775]";"[1277]"
"Tipo de cambio nominal";"El Salvador";"2016";"1";"[6243] [7775]";"[1277]"
"Tipo de cambio nominal";"Paraguay";"2016";"5650.55555555556";"[6253] [7775]";"[1277]"
"Tipo de cambio nominal";"Perú";"2016";"3.36850386509202";"[6256] [7775]";"[1277]"
"Tipo de cambio nominal";"Panamá";"2016";"1";"[6238] [7775]";"[1277]"
"Tipo de cambio nominal";"Nicaragua";"2016";"28.3871999675766";"[6702] [7775]";"[1277]"
"Tipo de cambio nominal";"México";"2016";"18.35125";"[6260] [7775]";"[1277]"
"Tipo de cambio nominal";"Santa Lucía";"2016";"2.7";"[6251] [7775]";"[1277]"
"Tipo de cambio nominal";"Saint Kitts y Nevis";"2016";"2.7";"[6251] [7775]";"[1277]"
"Tipo de cambio nominal";"Jamaica";"2016";"122.544321695575";"[6704] [7775]";"[1277]"
"Tipo de cambio nominal";"Haití";"2016";"62.2347275198318";"[6252] [7775]";"[1277]"
"Tipo de cambio nominal";"Honduras";"2016";"22.59135";"[6254] [7775]";"[1277]"
"Tipo de cambio nominal";"Guyana";"2016";"206.5";"[6703] [7775]";"[1277]"
"Tipo de cambio nominal";"Guatemala";"2016";"7.619209";"[6262] [7775]";"[1277]"
"Tipo de cambio nominal";"Granada";"2016";"2.7";"[6251] [7775]";"[1277]"
"Tipo de cambio nominal";"Ecuador";"2016";"1";"[6243] [7775]";"[1277]"
"Tipo de cambio nominal";"República Dominicana";"2016";"45.9639791645022";"[6259] [7775]";"[1277]"
"Tipo de cambio nominal";"Dominica";"2016";"2.7";"[6251] [7775]";"[1277]"
"Tipo de cambio nominal";"Cuba";"2016";"1";"[6258] [7775]";"[1277]"
"Tipo de cambio nominal";"Costa Rica";"2016";"543.001003040415";"[6804] [7775]";"[1277]"
"Tipo de cambio nominal";"Colombia";"2016";"3054.24605785297";"[6257] [7775]";"[1277]"
"Tipo de cambio nominal";"Chile";"2016";"679.020711825017";"[4811] [7775]";"[1277]"
"Tipo de cambio nominal";"Barbados";"2016";"2";"[6244] [7775]";"[1277]"
"Tipo de cambio nominal";"Brasil";"2016";"3.5180982484373";"[6263] [7775]";"[1277]"
"Tipo de cambio nominal";"Bolivia (Estado Plurinacional de)";"2016";"6.91";"[6802] [7775]";"[1277]"
"Tipo de cambio nominal";"Belice";"2016";"2";"[6245] [7775]";"[1277]"
"Tipo de cambio nominal";"Bahamas";"2016";"1";"[6250] [7775]";"[1277]"
"Tipo de cambio nominal";"Antigua y Barbuda";"2016";"2.7";"[6251] [7775]";"[1277]"
"Tipo de cambio nominal";"Argentina";"2016";"14.6025124857599";"[6255] [7775]";"[1277]"
"Tipo de cambio nominal";"Venezuela (República Bolivariana de)";"2010";"4.24352261904762";"[6803] [7985]";"[1277]"
""
"CEPALSTAT | Bases de Datos y Publicaciones Estadísticas. Más información: http://websie.eclac.cl/infest/ajax/cepalstat.asp"
"Datos extraidos del Datawarehouse CEPALSTAT el: Tue Apr 11 2017"
""
"FUENTES"
"ID: 1277"
"DESCRIPCIÓN: CD-ROM de Estadísticas financieras internacionales"
"URL DE PUBLICACIÓN: "
"SIGLA: FMI"
"URL DE ORGANIZACIÓN: http://www.imf.org"
""
"NOTAS"
"ID: 7985"
"DESCRIPCIÓN: A partir de 2010 se utiliza el tipo de cambio nominal del Banco Central de Venezuela"
""
"ID: 6238"
"DESCRIPCIÓN: Balboas"
""
"ID: 6803"
"DESCRIPCIÓN: Bolívares"
""
"ID: 6802"
"DESCRIPCIÓN: Bolivianos"
""
"ID: 6804"
"DESCRIPCIÓN: Colones costarricenses"
""
"ID: 6702"
"DESCRIPCIÓN: Córdobas oro"
""
"ID: 6243"
"DESCRIPCIÓN: Dólares"
""
"ID: 6244"
"DESCRIPCIÓN: Dólares de Barbados"
""
"ID: 6245"
"DESCRIPCIÓN: Dólares de Belice"
""
"ID: 6703"
"DESCRIPCIÓN: Dólares de Guyana"
""
"ID: 6704"
"DESCRIPCIÓN: Dólares de Jamaica"
""
"ID: 6250"
"DESCRIPCIÓN: Dólares de las Bahamas"
""
"ID: 6248"
"DESCRIPCIÓN: Dólares de Suriname"
""
"ID: 6249"
"DESCRIPCIÓN: Dólares de Trinidad y Tabago"
""
"ID: 6251"
"DESCRIPCIÓN: Dólares del Caribe Oriental"
""
"ID: 6252"
"DESCRIPCIÓN: Gourdes"
""
"ID: 6253"
"DESCRIPCIÓN: Guaraníes"
""
"ID: 6254"
"DESCRIPCIÓN: Lempiras"
""
"ID: 6255"
"DESCRIPCIÓN: Nuevos pesos argentinos"
""
"ID: 6256"
"DESCRIPCIÓN: Nuevos soles"
""
"ID: 4811"
"DESCRIPCIÓN: Pesos chilenos"
""
"ID: 6257"
"DESCRIPCIÓN: Pesos colombianos"
""
"ID: 6258"
"DESCRIPCIÓN: Pesos cubanos"
""
"ID: 6259"
"DESCRIPCIÓN: Pesos dominicanos"
""
"ID: 6260"
"DESCRIPCIÓN: Pesos mexicanos"
""
"ID: 6261"
"DESCRIPCIÓN: Pesos uruguayos"
""
"ID: 6262"
"DESCRIPCIÓN: Quetzales"
""
"ID: 6263"
"DESCRIPCIÓN: Reales"
""
"ID: 7775"
"DESCRIPCIÓN: Valor estimado con cifras mensuales a octubre 2016"
""