"indicador";"País";"Meses";"Años";"valor";"notas";"fuente";""
"Tipo de cambio real efectivo (TCRE)";"Barbados";"Promedio anual";"1990";"100.29";"";"[766]"
"Tipo de cambio real efectivo (TCRE)";"Bolivia (Estado Plurinacional de)";"Promedio anual";"1990";"83.22";"";"[766]"
"Tipo de cambio real efectivo (TCRE)";"Brasil";"Promedio anual";"1990";"61.85";"";"[766]"
"Tipo de cambio real efectivo (TCRE)";"Chile";"Promedio anual";"1990";"110.44";"";"[766]"
"Tipo de cambio real efectivo (TCRE)";"Colombia";"Promedio anual";"1990";"126.11";"";"[766]"
"Tipo de cambio real efectivo (TCRE)";"Costa Rica";"Promedio anual";"1990";"94.37";"";"[766]"
"Tipo de cambio real efectivo (TCRE)";"Ecuador";"Promedio anual";"1990";"129.44";"";"[766]"
"Tipo de cambio real efectivo (TCRE)";"El Salvador";"Promedio anual";"1990";"129.03";"";"[766]"
"Tipo de cambio real efectivo (TCRE)";"Guatemala";"Promedio anual";"1990";"156.43";"";"[766]"
"Tipo de cambio real efectivo (TCRE)";"Honduras";"Promedio anual";"1990";"111.9";"";"[766]"
"Tipo de cambio real efectivo (TCRE)";"Jamaica";"Promedio anual";"1990";"117.06";"";"[766]"
"Tipo de cambio real efectivo (TCRE)";"México";"Promedio anual";"1990";"121.19";"";"[766]"
"Tipo de cambio real efectivo (TCRE)";"Nicaragua";"Promedio anual";"1990";"67.6";"";"[766]"
"Tipo de cambio real efectivo (TCRE)";"Paraguay";"Promedio anual";"1990";"84.4";"";"[766]"
"Tipo de cambio real efectivo (TCRE)";"Perú";"Promedio anual";"1990";"88.77";"";"[766]"
"Tipo de cambio real efectivo (TCRE)";"Trinidad y Tabago";"Promedio anual";"1990";"106.56";"";"[766]"
"Tipo de cambio real efectivo (TCRE)";"Uruguay";"Promedio anual";"1990";"115";"";"[766]"
"Tipo de cambio real efectivo (TCRE)";"Venezuela (República Bolivariana de)";"Promedio anual";"1990";"143.37";"";"[766]"
"Tipo de cambio real efectivo (TCRE)";"Barbados";"Promedio anual";"1991";"97.75";"";"[766]"
"Tipo de cambio real efectivo (TCRE)";"Bolivia (Estado Plurinacional de)";"Promedio anual";"1991";"84.2";"";"[766]"
"Tipo de cambio real efectivo (TCRE)";"Brasil";"Promedio anual";"1991";"73.99";"";"[766]"
"Tipo de cambio real efectivo (TCRE)";"Chile";"Promedio anual";"1991";"109.61";"";"[766]"
"Tipo de cambio real efectivo (TCRE)";"Colombia";"Promedio anual";"1991";"126.74";"";"[766]"
"Tipo de cambio real efectivo (TCRE)";"Costa Rica";"Promedio anual";"1991";"102.87";"";"[766]"
"Tipo de cambio real efectivo (TCRE)";"Ecuador";"Promedio anual";"1991";"124.66";"";"[766]"
"Tipo de cambio real efectivo (TCRE)";"El Salvador";"Promedio anual";"1991";"141.49";"";"[766]"
"Tipo de cambio real efectivo (TCRE)";"Guatemala";"Promedio anual";"1991";"138.2";"";"[766]"
"Tipo de cambio real efectivo (TCRE)";"Honduras";"Promedio anual";"1991";"117.43";"";"[766]"
"Tipo de cambio real efectivo (TCRE)";"Jamaica";"Promedio anual";"1991";"133.08";"";"[766]"
"Tipo de cambio real efectivo (TCRE)";"México";"Promedio anual";"1991";"111.01";"";"[766]"
"Tipo de cambio real efectivo (TCRE)";"Nicaragua";"Promedio anual";"1991";"67.4";"";"[766]"
"Tipo de cambio real efectivo (TCRE)";"Paraguay";"Promedio anual";"1991";"75.29";"";"[766]"
"Tipo de cambio real efectivo (TCRE)";"Perú";"Promedio anual";"1991";"93.38";"";"[766]"
"Tipo de cambio real efectivo (TCRE)";"Trinidad y Tabago";"Promedio anual";"1991";"104.74";"";"[766]"
"Tipo de cambio real efectivo (TCRE)";"Uruguay";"Promedio anual";"1991";"110.35";"";"[766]"
"Tipo de cambio real efectivo (TCRE)";"Venezuela (República Bolivariana de)";"Promedio anual";"1991";"135.18";"";"[766]"
"Tipo de cambio real efectivo (TCRE)";"Barbados";"Promedio anual";"1992";"94.72";"";"[766]"
"Tipo de cambio real efectivo (TCRE)";"Bolivia (Estado Plurinacional de)";"Promedio anual";"1992";"84.92";"";"[766]"
"Tipo de cambio real efectivo (TCRE)";"Brasil";"Promedio anual";"1992";"86.51";"";"[766]"
"Tipo de cambio real efectivo (TCRE)";"Chile";"Promedio anual";"1992";"104.2";"";"[766]"
"Tipo de cambio real efectivo (TCRE)";"Colombia";"Promedio anual";"1992";"126.81";"";"[766]"
"Tipo de cambio real efectivo (TCRE)";"Costa Rica";"Promedio anual";"1992";"97.54";"";"[766]"
"Tipo de cambio real efectivo (TCRE)";"Ecuador";"Promedio anual";"1992";"123.33";"";"[766]"
"Tipo de cambio real efectivo (TCRE)";"El Salvador";"Promedio anual";"1992";"138.31";"";"[766]"
"Tipo de cambio real efectivo (TCRE)";"Guatemala";"Promedio anual";"1992";"136.14";"";"[766]"
"Tipo de cambio real efectivo (TCRE)";"Honduras";"Promedio anual";"1992";"117.22";"";"[766]"
"Tipo de cambio real efectivo (TCRE)";"Jamaica";"Promedio anual";"1992";"156.15";"";"[766]"
"Tipo de cambio real efectivo (TCRE)";"México";"Promedio anual";"1992";"101.3";"";"[766]"
"Tipo de cambio real efectivo (TCRE)";"Nicaragua";"Promedio anual";"1992";"69.74";"";"[766]"
"Tipo de cambio real efectivo (TCRE)";"Paraguay";"Promedio anual";"1992";"79.65";"";"[766]"
"Tipo de cambio real efectivo (TCRE)";"Perú";"Promedio anual";"1992";"91.44";"";"[766]"
"Tipo de cambio real efectivo (TCRE)";"Trinidad y Tabago";"Promedio anual";"1992";"98.15";"";"[766]"
"Tipo de cambio real efectivo (TCRE)";"Uruguay";"Promedio anual";"1992";"108.2";"";"[766]"
"Tipo de cambio real efectivo (TCRE)";"Venezuela (República Bolivariana de)";"Promedio anual";"1992";"129.79";"";"[766]"
"Tipo de cambio real efectivo (TCRE)";"Barbados";"Promedio anual";"1993";"92.51";"";"[766]"
"Tipo de cambio real efectivo (TCRE)";"Bolivia (Estado Plurinacional de)";"Promedio anual";"1993";"84.72";"";"[766]"
"Tipo de cambio real efectivo (TCRE)";"Brasil";"Promedio anual";"1993";"85.7";"";"[766]"
"Tipo de cambio real efectivo (TCRE)";"Chile";"Promedio anual";"1993";"105.47";"";"[766]"
"Tipo de cambio real efectivo (TCRE)";"Colombia";"Promedio anual";"1993";"118.71";"";"[766]"
"Tipo de cambio real efectivo (TCRE)";"Costa Rica";"Promedio anual";"1993";"95.6";"";"[766]"
"Tipo de cambio real efectivo (TCRE)";"Ecuador";"Promedio anual";"1993";"107.54";"";"[766]"
"Tipo de cambio real efectivo (TCRE)";"El Salvador";"Promedio anual";"1993";"124.38";"";"[766]"
"Tipo de cambio real efectivo (TCRE)";"Guatemala";"Promedio anual";"1993";"135.67";"";"[766]"
"Tipo de cambio real efectivo (TCRE)";"Honduras";"Promedio anual";"1993";"126.13";"";"[766]"
"Tipo de cambio real efectivo (TCRE)";"Jamaica";"Promedio anual";"1993";"138.6";"";"[766]"
"Tipo de cambio real efectivo (TCRE)";"México";"Promedio anual";"1993";"94.82";"";"[766]"
"Tipo de cambio real efectivo (TCRE)";"Nicaragua";"Promedio anual";"1993";"68.19";"";"[766]"
"Tipo de cambio real efectivo (TCRE)";"Paraguay";"Promedio anual";"1993";"80.44";"";"[766]"
"Tipo de cambio real efectivo (TCRE)";"Perú";"Promedio anual";"1993";"101.16";"";"[766]"
"Tipo de cambio real efectivo (TCRE)";"Trinidad y Tabago";"Promedio anual";"1993";"112.93";"";"[766]"
"Tipo de cambio real efectivo (TCRE)";"Uruguay";"Promedio anual";"1993";"95.15";"";"[766]"
"Tipo de cambio real efectivo (TCRE)";"Venezuela (República Bolivariana de)";"Promedio anual";"1993";"128.13";"";"[766]"
"Tipo de cambio real efectivo (TCRE)";"Barbados";"Promedio anual";"1994";"94.29";"";"[766]"
"Tipo de cambio real efectivo (TCRE)";"Bolivia (Estado Plurinacional de)";"Promedio anual";"1994";"90.79";"";"[766]"
"Tipo de cambio real efectivo (TCRE)";"Brasil";"Promedio anual";"1994";"83.23";"";"[766]"
"Tipo de cambio real efectivo (TCRE)";"Chile";"Promedio anual";"1994";"104.03";"";"[766]"
"Tipo de cambio real efectivo (TCRE)";"Colombia";"Promedio anual";"1994";"97.89";"";"[766]"
"Tipo de cambio real efectivo (TCRE)";"Costa Rica";"Promedio anual";"1994";"95.92";"";"[766]"
"Tipo de cambio real efectivo (TCRE)";"Ecuador";"Promedio anual";"1994";"101.92";"";"[766]"
"Tipo de cambio real efectivo (TCRE)";"El Salvador";"Promedio anual";"1994";"116.97";"";"[766]"
"Tipo de cambio real efectivo (TCRE)";"Guatemala";"Promedio anual";"1994";"127.87";"";"[766]"
"Tipo de cambio real efectivo (TCRE)";"Honduras";"Promedio anual";"1994";"139.71";"";"[766]"
"Tipo de cambio real efectivo (TCRE)";"Jamaica";"Promedio anual";"1994";"139.85";"";"[766]"
"Tipo de cambio real efectivo (TCRE)";"México";"Promedio anual";"1994";"98.91";"";"[766]"
"Tipo de cambio real efectivo (TCRE)";"Nicaragua";"Promedio anual";"1994";"79.08";"";"[766]"
"Tipo de cambio real efectivo (TCRE)";"Paraguay";"Promedio anual";"1994";"77.76";"";"[766]"
"Tipo de cambio real efectivo (TCRE)";"Perú";"Promedio anual";"1994";"93.68";"";"[766]"
"Tipo de cambio real efectivo (TCRE)";"Trinidad y Tabago";"Promedio anual";"1994";"114.35";"";"[766]"
"Tipo de cambio real efectivo (TCRE)";"Uruguay";"Promedio anual";"1994";"90.11";"";"[766]"
"Tipo de cambio real efectivo (TCRE)";"Venezuela (República Bolivariana de)";"Promedio anual";"1994";"128.31";"";"[766]"
"Tipo de cambio real efectivo (TCRE)";"Barbados";"Promedio anual";"1995";"99.58";"";"[766]"
"Tipo de cambio real efectivo (TCRE)";"Bolivia (Estado Plurinacional de)";"Promedio anual";"1995";"90.54";"";"[766]"
"Tipo de cambio real efectivo (TCRE)";"Brasil";"Promedio anual";"1995";"75.37";"";"[766]"
"Tipo de cambio real efectivo (TCRE)";"Chile";"Promedio anual";"1995";"96.28";"";"[766]"
"Tipo de cambio real efectivo (TCRE)";"Colombia";"Promedio anual";"1995";"93.83";"";"[766]"
"Tipo de cambio real efectivo (TCRE)";"Costa Rica";"Promedio anual";"1995";"93.4";"";"[766]"
"Tipo de cambio real efectivo (TCRE)";"Ecuador";"Promedio anual";"1995";"102.06";"";"[766]"
"Tipo de cambio real efectivo (TCRE)";"El Salvador";"Promedio anual";"1995";"112.72";"";"[766]"
"Tipo de cambio real efectivo (TCRE)";"Guatemala";"Promedio anual";"1995";"124.71";"";"[766]"
"Tipo de cambio real efectivo (TCRE)";"Honduras";"Promedio anual";"1995";"127.34";"";"[766]"
"Tipo de cambio real efectivo (TCRE)";"Jamaica";"Promedio anual";"1995";"129.73";"";"[766]"
"Tipo de cambio real efectivo (TCRE)";"México";"Promedio anual";"1995";"145.13";"";"[766]"
"Tipo de cambio real efectivo (TCRE)";"Nicaragua";"Promedio anual";"1995";"85.7";"";"[766]"
"Tipo de cambio real efectivo (TCRE)";"Panamá";"Promedio anual";"1995";"91.21";"";"[766]"
"Tipo de cambio real efectivo (TCRE)";"Paraguay";"Promedio anual";"1995";"77.64";"";"[766]"
"Tipo de cambio real efectivo (TCRE)";"Perú";"Promedio anual";"1995";"92.64";"";"[766]"
"Tipo de cambio real efectivo (TCRE)";"Trinidad y Tabago";"Promedio anual";"1995";"115.51";"";"[766]"
"Tipo de cambio real efectivo (TCRE)";"Uruguay";"Promedio anual";"1995";"85.05";"";"[766]"
"Tipo de cambio real efectivo (TCRE)";"Venezuela (República Bolivariana de)";"Promedio anual";"1995";"105.5";"";"[766]"
"Tipo de cambio real efectivo (TCRE)";"Barbados";"Promedio anual";"1996";"97.62";"";"[766]"
"Tipo de cambio real efectivo (TCRE)";"Bolivia (Estado Plurinacional de)";"Promedio anual";"1996";"85.97";"";"[766]"
"Tipo de cambio real efectivo (TCRE)";"Brasil";"Promedio anual";"1996";"72.77";"";"[766]"
"Tipo de cambio real efectivo (TCRE)";"Chile";"Promedio anual";"1996";"92.92";"";"[766]"
"Tipo de cambio real efectivo (TCRE)";"Colombia";"Promedio anual";"1996";"87.43";"";"[766]"
"Tipo de cambio real efectivo (TCRE)";"Costa Rica";"Promedio anual";"1996";"92.77";"";"[766]"
"Tipo de cambio real efectivo (TCRE)";"Ecuador";"Promedio anual";"1996";"103.12";"";"[766]"
"Tipo de cambio real efectivo (TCRE)";"El Salvador";"Promedio anual";"1996";"104.19";"";"[766]"
"Tipo de cambio real efectivo (TCRE)";"Guatemala";"Promedio anual";"1996";"118.99";"";"[766]"
"Tipo de cambio real efectivo (TCRE)";"Honduras";"Promedio anual";"1996";"128.56";"";"[766]"
"Tipo de cambio real efectivo (TCRE)";"Jamaica";"Promedio anual";"1996";"109.84";"";"[766]"
"Tipo de cambio real efectivo (TCRE)";"México";"Promedio anual";"1996";"130.3";"";"[766]"
"Tipo de cambio real efectivo (TCRE)";"Nicaragua";"Promedio anual";"1996";"87.17";"";"[766]"
"Tipo de cambio real efectivo (TCRE)";"Panamá";"Promedio anual";"1996";"91";"";"[766]"
"Tipo de cambio real efectivo (TCRE)";"Paraguay";"Promedio anual";"1996";"79.3";"";"[766]"
"Tipo de cambio real efectivo (TCRE)";"Perú";"Promedio anual";"1996";"89.92";"";"[766]"
"Tipo de cambio real efectivo (TCRE)";"Trinidad y Tabago";"Promedio anual";"1996";"115.82";"";"[766]"
"Tipo de cambio real efectivo (TCRE)";"Uruguay";"Promedio anual";"1996";"84.47";"";"[766]"
"Tipo de cambio real efectivo (TCRE)";"Venezuela (República Bolivariana de)";"Promedio anual";"1996";"124.8";"";"[766]"
"Tipo de cambio real efectivo (TCRE)";"Barbados";"Promedio anual";"1997";"94.48";"";"[766]"
"Tipo de cambio real efectivo (TCRE)";"Bolivia (Estado Plurinacional de)";"Promedio anual";"1997";"87.03";"";"[766]"
"Tipo de cambio real efectivo (TCRE)";"Brasil";"Promedio anual";"1997";"72.23";"";"[766]"
"Tipo de cambio real efectivo (TCRE)";"Chile";"Promedio anual";"1997";"87.71";"";"[766]"
"Tipo de cambio real efectivo (TCRE)";"Colombia";"Promedio anual";"1997";"81.93";"";"[766]"
"Tipo de cambio real efectivo (TCRE)";"Costa Rica";"Promedio anual";"1997";"93.08";"";"[766]"
"Tipo de cambio real efectivo (TCRE)";"Ecuador";"Promedio anual";"1997";"99.59";"";"[766]"
"Tipo de cambio real efectivo (TCRE)";"El Salvador";"Promedio anual";"1997";"100.93";"";"[766]"
"Tipo de cambio real efectivo (TCRE)";"Guatemala";"Promedio anual";"1997";"111.39";"";"[766]"
"Tipo de cambio real efectivo (TCRE)";"Honduras";"Promedio anual";"1997";"119.85";"";"[766]"
"Tipo de cambio real efectivo (TCRE)";"Jamaica";"Promedio anual";"1997";"95.94";"";"[766]"
"Tipo de cambio real efectivo (TCRE)";"México";"Promedio anual";"1997";"113.42";"";"[766]"
"Tipo de cambio real efectivo (TCRE)";"Nicaragua";"Promedio anual";"1997";"90.76";"";"[766]"
"Tipo de cambio real efectivo (TCRE)";"Panamá";"Promedio anual";"1997";"91.07";"";"[766]"
"Tipo de cambio real efectivo (TCRE)";"Paraguay";"Promedio anual";"1997";"76.28";"";"[766]"
"Tipo de cambio real efectivo (TCRE)";"Perú";"Promedio anual";"1997";"90.21";"";"[766]"
"Tipo de cambio real efectivo (TCRE)";"Trinidad y Tabago";"Promedio anual";"1997";"119.48";"";"[766]"
"Tipo de cambio real efectivo (TCRE)";"Uruguay";"Promedio anual";"1997";"83.18";"";"[766]"
"Tipo de cambio real efectivo (TCRE)";"Venezuela (República Bolivariana de)";"Promedio anual";"1997";"99.46";"";"[766]"
"Tipo de cambio real efectivo (TCRE)";"Barbados";"Promedio anual";"1998";"95.71";"";"[766]"
"Tipo de cambio real efectivo (TCRE)";"Bolivia (Estado Plurinacional de)";"Promedio anual";"1998";"81.36";"";"[766]"
"Tipo de cambio real efectivo (TCRE)";"Brasil";"Promedio anual";"1998";"75.13";"";"[766]"
"Tipo de cambio real efectivo (TCRE)";"Chile";"Promedio anual";"1998";"90.53";"";"[766]"
"Tipo de cambio real efectivo (TCRE)";"Colombia";"Promedio anual";"1998";"87.41";"";"[766]"
"Tipo de cambio real efectivo (TCRE)";"Costa Rica";"Promedio anual";"1998";"92.76";"";"[766]"
"Tipo de cambio real efectivo (TCRE)";"Ecuador";"Promedio anual";"1998";"99.37";"";"[766]"
"Tipo de cambio real efectivo (TCRE)";"El Salvador";"Promedio anual";"1998";"99.43";"";"[766]"
"Tipo de cambio real efectivo (TCRE)";"Guatemala";"Promedio anual";"1998";"111.44";"";"[766]"
"Tipo de cambio real efectivo (TCRE)";"Honduras";"Promedio anual";"1998";"109.57";"";"[766]"
"Tipo de cambio real efectivo (TCRE)";"Jamaica";"Promedio anual";"1998";"91.52";"";"[766]"
"Tipo de cambio real efectivo (TCRE)";"México";"Promedio anual";"1998";"113.44";"";"[766]"
"Tipo de cambio real efectivo (TCRE)";"Nicaragua";"Promedio anual";"1998";"91.41";"";"[766]"
"Tipo de cambio real efectivo (TCRE)";"Panamá";"Promedio anual";"1998";"90.06";"";"[766]"
"Tipo de cambio real efectivo (TCRE)";"Paraguay";"Promedio anual";"1998";"82.52";"";"[766]"
"Tipo de cambio real efectivo (TCRE)";"Perú";"Promedio anual";"1998";"91.64";"";"[766]"
"Tipo de cambio real efectivo (TCRE)";"Trinidad y Tabago";"Promedio anual";"1998";"115.93";"";"[766]"
"Tipo de cambio real efectivo (TCRE)";"Uruguay";"Promedio anual";"1998";"83.7";"";"[766]"
"Tipo de cambio real efectivo (TCRE)";"Venezuela (República Bolivariana de)";"Promedio anual";"1998";"81.58";"";"[766]"
"Tipo de cambio real efectivo (TCRE)";"Barbados";"Promedio anual";"1999";"95.92";"";"[766]"
"Tipo de cambio real efectivo (TCRE)";"Bolivia (Estado Plurinacional de)";"Promedio anual";"1999";"80.46";"";"[766]"
"Tipo de cambio real efectivo (TCRE)";"Brasil";"Promedio anual";"1999";"109.51";"";"[766]"
"Tipo de cambio real efectivo (TCRE)";"Chile";"Promedio anual";"1999";"96.56";"";"[766]"
"Tipo de cambio real efectivo (TCRE)";"Colombia";"Promedio anual";"1999";"96.73";"";"[766]"
"Tipo de cambio real efectivo (TCRE)";"Costa Rica";"Promedio anual";"1999";"94.69";"";"[766]"
"Tipo de cambio real efectivo (TCRE)";"Ecuador";"Promedio anual";"1999";"136.77";"";"[766]"
"Tipo de cambio real efectivo (TCRE)";"El Salvador";"Promedio anual";"1999";"98.12";"";"[766]"
"Tipo de cambio real efectivo (TCRE)";"Guatemala";"Promedio anual";"1999";"124.57";"";"[766]"
"Tipo de cambio real efectivo (TCRE)";"Honduras";"Promedio anual";"1999";"104.91";"";"[766]"
"Tipo de cambio real efectivo (TCRE)";"Jamaica";"Promedio anual";"1999";"93.06";"";"[766]"
"Tipo de cambio real efectivo (TCRE)";"México";"Promedio anual";"1999";"103.48";"";"[766]"
"Tipo de cambio real efectivo (TCRE)";"Nicaragua";"Promedio anual";"1999";"92.14";"";"[766]"
"Tipo de cambio real efectivo (TCRE)";"Panamá";"Promedio anual";"1999";"89.1";"";"[766]"
"Tipo de cambio real efectivo (TCRE)";"Paraguay";"Promedio anual";"1999";"78.52";"";"[766]"
"Tipo de cambio real efectivo (TCRE)";"Perú";"Promedio anual";"1999";"100.43";"";"[766]"
"Tipo de cambio real efectivo (TCRE)";"Trinidad y Tabago";"Promedio anual";"1999";"113.23";"";"[766]"
"Tipo de cambio real efectivo (TCRE)";"Uruguay";"Promedio anual";"1999";"77.07";"";"[766]"
"Tipo de cambio real efectivo (TCRE)";"Venezuela (República Bolivariana de)";"Promedio anual";"1999";"71.67";"";"[766]"
"Tipo de cambio real efectivo (TCRE)";"Barbados";"Promedio anual";"2000";"94.35";"";"[766]"
"Tipo de cambio real efectivo (TCRE)";"Bolivia (Estado Plurinacional de)";"Promedio anual";"2000";"82.12";"";"[766]"
"Tipo de cambio real efectivo (TCRE)";"Brasil";"Promedio anual";"2000";"102.3";"";"[766]"
"Tipo de cambio real efectivo (TCRE)";"Chile";"Promedio anual";"2000";"98.97";"";"[766]"
"Tipo de cambio real efectivo (TCRE)";"Colombia";"Promedio anual";"2000";"106.4";"";"[766]"
"Tipo de cambio real efectivo (TCRE)";"Costa Rica";"Promedio anual";"2000";"92.65";"";"[766]"
"Tipo de cambio real efectivo (TCRE)";"Ecuador";"Promedio anual";"2000";"155.75";"";"[766]"
"Tipo de cambio real efectivo (TCRE)";"El Salvador";"Promedio anual";"2000";"96.64";"";"[766]"
"Tipo de cambio real efectivo (TCRE)";"Guatemala";"Promedio anual";"2000";"126.53";"";"[766]"
"Tipo de cambio real efectivo (TCRE)";"Honduras";"Promedio anual";"2000";"100.28";"";"[766]"
"Tipo de cambio real efectivo (TCRE)";"Jamaica";"Promedio anual";"2000";"95.66";"";"[766]"
"Tipo de cambio real efectivo (TCRE)";"México";"Promedio anual";"2000";"95.7";"";"[766]"
"Tipo de cambio real efectivo (TCRE)";"Nicaragua";"Promedio anual";"2000";"91.79";"";"[766]"
"Tipo de cambio real efectivo (TCRE)";"Panamá";"Promedio anual";"2000";"88.89";"";"[766]"
"Tipo de cambio real efectivo (TCRE)";"Paraguay";"Promedio anual";"2000";"86.62";"";"[766]"
"Tipo de cambio real efectivo (TCRE)";"Perú";"Promedio anual";"2000";"99.93";"";"[766]"
"Tipo de cambio real efectivo (TCRE)";"República Dominicana";"Promedio anual";"2000";"110.68";"";"[766]"
"Tipo de cambio real efectivo (TCRE)";"Trinidad y Tabago";"Promedio anual";"2000";"109.77";"";"[766]"
"Tipo de cambio real efectivo (TCRE)";"Uruguay";"Promedio anual";"2000";"78.97";"";"[766]"
"Tipo de cambio real efectivo (TCRE)";"Venezuela (República Bolivariana de)";"Promedio anual";"2000";"70.08";"";"[766]"
"Tipo de cambio real efectivo (TCRE)";"Barbados";"Promedio anual";"2001";"92.65";"";"[766]"
"Tipo de cambio real efectivo (TCRE)";"Bolivia (Estado Plurinacional de)";"Promedio anual";"2001";"84.69";"";"[766]"
"Tipo de cambio real efectivo (TCRE)";"Brasil";"Promedio anual";"2001";"120.56";"";"[766]"
"Tipo de cambio real efectivo (TCRE)";"Chile";"Promedio anual";"2001";"110.71";"";"[766]"
"Tipo de cambio real efectivo (TCRE)";"Colombia";"Promedio anual";"2001";"110.48";"";"[766]"
"Tipo de cambio real efectivo (TCRE)";"Costa Rica";"Promedio anual";"2001";"91.01";"";"[766]"
"Tipo de cambio real efectivo (TCRE)";"Ecuador";"Promedio anual";"2001";"109.35";"";"[766]"
"Tipo de cambio real efectivo (TCRE)";"El Salvador";"Promedio anual";"2001";"97.03";"";"[766]"
"Tipo de cambio real efectivo (TCRE)";"Guatemala";"Promedio anual";"2001";"121.72";"";"[766]"
"Tipo de cambio real efectivo (TCRE)";"Honduras";"Promedio anual";"2001";"97.32";"";"[766]"
"Tipo de cambio real efectivo (TCRE)";"Jamaica";"Promedio anual";"2001";"96.99";"";"[766]"
"Tipo de cambio real efectivo (TCRE)";"México";"Promedio anual";"2001";"90.17";"";"[766]"
"Tipo de cambio real efectivo (TCRE)";"Nicaragua";"Promedio anual";"2001";"91.42";"";"[766]"
"Tipo de cambio real efectivo (TCRE)";"Panamá";"Promedio anual";"2001";"90.92";"";"[766]"
"Tipo de cambio real efectivo (TCRE)";"Paraguay";"Promedio anual";"2001";"88.9";"";"[766]"
"Tipo de cambio real efectivo (TCRE)";"Perú";"Promedio anual";"2001";"98.12";"";"[766]"
"Tipo de cambio real efectivo (TCRE)";"República Dominicana";"Promedio anual";"2001";"106.77";"";"[766]"
"Tipo de cambio real efectivo (TCRE)";"Trinidad y Tabago";"Promedio anual";"2001";"102.56";"";"[766]"
"Tipo de cambio real efectivo (TCRE)";"Uruguay";"Promedio anual";"2001";"79.63";"";"[766]"
"Tipo de cambio real efectivo (TCRE)";"Venezuela (República Bolivariana de)";"Promedio anual";"2001";"66.55";"";"[766]"
"Tipo de cambio real efectivo (TCRE)";"Barbados";"Promedio anual";"2002";"94.6";"";"[766]"
"Tipo de cambio real efectivo (TCRE)";"Bolivia (Estado Plurinacional de)";"Promedio anual";"2002";"79.83";"";"[766]"
"Tipo de cambio real efectivo (TCRE)";"Brasil";"Promedio anual";"2002";"129.5";"";"[766]"
"Tipo de cambio real efectivo (TCRE)";"Chile";"Promedio anual";"2002";"107.53";"";"[766]"
"Tipo de cambio real efectivo (TCRE)";"Colombia";"Promedio anual";"2002";"111.26";"";"[766]"
"Tipo de cambio real efectivo (TCRE)";"Costa Rica";"Promedio anual";"2002";"91.91";"";"[766]"
"Tipo de cambio real efectivo (TCRE)";"Ecuador";"Promedio anual";"2002";"94.63";"";"[766]"
"Tipo de cambio real efectivo (TCRE)";"El Salvador";"Promedio anual";"2002";"97.49";"";"[766]"
"Tipo de cambio real efectivo (TCRE)";"Guatemala";"Promedio anual";"2002";"112";"";"[766]"
"Tipo de cambio real efectivo (TCRE)";"Honduras";"Promedio anual";"2002";"97.46";"";"[766]"
"Tipo de cambio real efectivo (TCRE)";"Jamaica";"Promedio anual";"2002";"96.88";"";"[766]"
"Tipo de cambio real efectivo (TCRE)";"México";"Promedio anual";"2002";"90.03";"";"[766]"
"Tipo de cambio real efectivo (TCRE)";"Nicaragua";"Promedio anual";"2002";"94.01";"";"[766]"
"Tipo de cambio real efectivo (TCRE)";"Panamá";"Promedio anual";"2002";"90.86";"";"[766]"
"Tipo de cambio real efectivo (TCRE)";"Paraguay";"Promedio anual";"2002";"89.45";"";"[766]"
"Tipo de cambio real efectivo (TCRE)";"Perú";"Promedio anual";"2002";"95.41";"";"[766]"
"Tipo de cambio real efectivo (TCRE)";"República Dominicana";"Promedio anual";"2002";"109.86";"";"[766]"
"Tipo de cambio real efectivo (TCRE)";"Trinidad y Tabago";"Promedio anual";"2002";"97.59";"";"[766]"
"Tipo de cambio real efectivo (TCRE)";"Uruguay";"Promedio anual";"2002";"88.11";"";"[766]"
"Tipo de cambio real efectivo (TCRE)";"Venezuela (República Bolivariana de)";"Promedio anual";"2002";"87";"";"[766]"
"Tipo de cambio real efectivo (TCRE)";"Barbados";"Promedio anual";"2003";"98.1";"";"[766]"
"Tipo de cambio real efectivo (TCRE)";"Bolivia (Estado Plurinacional de)";"Promedio anual";"2003";"86.89";"";"[766]"
"Tipo de cambio real efectivo (TCRE)";"Brasil";"Promedio anual";"2003";"128.96";"";"[766]"
"Tipo de cambio real efectivo (TCRE)";"Chile";"Promedio anual";"2003";"113.14";"";"[766]"
"Tipo de cambio real efectivo (TCRE)";"Colombia";"Promedio anual";"2003";"124.55";"";"[766]"
"Tipo de cambio real efectivo (TCRE)";"Costa Rica";"Promedio anual";"2003";"96.81";"";"[766]"
"Tipo de cambio real efectivo (TCRE)";"Ecuador";"Promedio anual";"2003";"91.99";"";"[766]"
"Tipo de cambio real efectivo (TCRE)";"El Salvador";"Promedio anual";"2003";"98.24";"";"[766]"
"Tipo de cambio real efectivo (TCRE)";"Guatemala";"Promedio anual";"2003";"111.66";"";"[766]"
"Tipo de cambio real efectivo (TCRE)";"Honduras";"Promedio anual";"2003";"98.53";"";"[766]"
"Tipo de cambio real efectivo (TCRE)";"Jamaica";"Promedio anual";"2003";"109.69";"";"[766]"
"Tipo de cambio real efectivo (TCRE)";"México";"Promedio anual";"2003";"99.94";"";"[766]"
"Tipo de cambio real efectivo (TCRE)";"Nicaragua";"Promedio anual";"2003";"97.32";"";"[766]"
"Tipo de cambio real efectivo (TCRE)";"Panamá";"Promedio anual";"2003";"93.57";"";"[766]"
"Tipo de cambio real efectivo (TCRE)";"Paraguay";"Promedio anual";"2003";"95.81";"";"[766]"
"Tipo de cambio real efectivo (TCRE)";"Perú";"Promedio anual";"2003";"98.42";"";"[766]"
"Tipo de cambio real efectivo (TCRE)";"República Dominicana";"Promedio anual";"2003";"145.12";"";"[766]"
"Tipo de cambio real efectivo (TCRE)";"Trinidad y Tabago";"Promedio anual";"2003";"98.15";"";"[766]"
"Tipo de cambio real efectivo (TCRE)";"Uruguay";"Promedio anual";"2003";"109.76";"";"[766]"
"Tipo de cambio real efectivo (TCRE)";"Venezuela (República Bolivariana de)";"Promedio anual";"2003";"97.67";"";"[766]"
"Tipo de cambio real efectivo (TCRE)";"Barbados";"Promedio anual";"2004";"101.55";"";"[766]"
"Tipo de cambio real efectivo (TCRE)";"Bolivia (Estado Plurinacional de)";"Promedio anual";"2004";"92.64";"";"[766]"
"Tipo de cambio real efectivo (TCRE)";"Brasil";"Promedio anual";"2004";"122.59";"";"[766]"
"Tipo de cambio real efectivo (TCRE)";"Chile";"Promedio anual";"2004";"105.64";"";"[766]"
"Tipo de cambio real efectivo (TCRE)";"Colombia";"Promedio anual";"2004";"113.07";"";"[766]"
"Tipo de cambio real efectivo (TCRE)";"Costa Rica";"Promedio anual";"2004";"99.38";"";"[766]"
"Tipo de cambio real efectivo (TCRE)";"Ecuador";"Promedio anual";"2004";"96.08";"";"[766]"
"Tipo de cambio real efectivo (TCRE)";"El Salvador";"Promedio anual";"2004";"98.5";"";"[766]"
"Tipo de cambio real efectivo (TCRE)";"Guatemala";"Promedio anual";"2004";"108.49";"";"[766]"
"Tipo de cambio real efectivo (TCRE)";"Honduras";"Promedio anual";"2004";"100.17";"";"[766]"
"Tipo de cambio real efectivo (TCRE)";"Jamaica";"Promedio anual";"2004";"107.71";"";"[766]"
"Tipo de cambio real efectivo (TCRE)";"México";"Promedio anual";"2004";"103.72";"";"[766]"
"Tipo de cambio real efectivo (TCRE)";"Nicaragua";"Promedio anual";"2004";"98.97";"";"[766]"
"Tipo de cambio real efectivo (TCRE)";"Panamá";"Promedio anual";"2004";"98.24";"";"[766]"
"Tipo de cambio real efectivo (TCRE)";"Paraguay";"Promedio anual";"2004";"92.31";"";"[766]"
"Tipo de cambio real efectivo (TCRE)";"Perú";"Promedio anual";"2004";"99.44";"";"[766]"
"Tipo de cambio real efectivo (TCRE)";"República Dominicana";"Promedio anual";"2004";"138.96";"";"[766]"
"Tipo de cambio real efectivo (TCRE)";"Trinidad y Tabago";"Promedio anual";"2004";"100.26";"";"[766]"
"Tipo de cambio real efectivo (TCRE)";"Uruguay";"Promedio anual";"2004";"111.77";"";"[766]"
"Tipo de cambio real efectivo (TCRE)";"Venezuela (República Bolivariana de)";"Promedio anual";"2004";"98.22";"";"[766]"
"Tipo de cambio real efectivo (TCRE)";"Barbados";"Promedio anual";"2005";"100";"";"[766]"
"Tipo de cambio real efectivo (TCRE)";"Bolivia (Estado Plurinacional de)";"Promedio anual";"2005";"100";"";"[766]"
"Tipo de cambio real efectivo (TCRE)";"Brasil";"Promedio anual";"2005";"100";"";"[766]"
"Tipo de cambio real efectivo (TCRE)";"Chile";"Promedio anual";"2005";"100";"";"[766]"
"Tipo de cambio real efectivo (TCRE)";"Colombia";"Promedio anual";"2005";"100";"";"[766]"
"Tipo de cambio real efectivo (TCRE)";"Costa Rica";"Promedio anual";"2005";"100";"";"[766]"
"Tipo de cambio real efectivo (TCRE)";"Ecuador";"Promedio anual";"2005";"100";"";"[766]"
"Tipo de cambio real efectivo (TCRE)";"El Salvador";"Promedio anual";"2005";"100";"";"[766]"
"Tipo de cambio real efectivo (TCRE)";"Guatemala";"Promedio anual";"2005";"100";"";"[766]"
"Tipo de cambio real efectivo (TCRE)";"Honduras";"Promedio anual";"2005";"100";"";"[766]"
"Tipo de cambio real efectivo (TCRE)";"Jamaica";"Promedio anual";"2005";"100";"";"[766]"
"Tipo de cambio real efectivo (TCRE)";"México";"Promedio anual";"2005";"100";"";"[766]"
"Tipo de cambio real efectivo (TCRE)";"Nicaragua";"Promedio anual";"2005";"100";"";"[766]"
"Tipo de cambio real efectivo (TCRE)";"Panamá";"Promedio anual";"2005";"100";"";"[766]"
"Tipo de cambio real efectivo (TCRE)";"Paraguay";"Promedio anual";"2005";"100";"";"[766]"
"Tipo de cambio real efectivo (TCRE)";"Perú";"Promedio anual";"2005";"100";"";"[766]"
"Tipo de cambio real efectivo (TCRE)";"República Dominicana";"Promedio anual";"2005";"100";"";"[766]"
"Tipo de cambio real efectivo (TCRE)";"Trinidad y Tabago";"Promedio anual";"2005";"100";"";"[766]"
"Tipo de cambio real efectivo (TCRE)";"Uruguay";"Promedio anual";"2005";"100";"";"[766]"
"Tipo de cambio real efectivo (TCRE)";"Venezuela (República Bolivariana de)";"Promedio anual";"2005";"100";"";"[766]"
"Tipo de cambio real efectivo (TCRE)";"Barbados";"Promedio anual";"2006";"97.36";"";"[766]"
"Tipo de cambio real efectivo (TCRE)";"Bolivia (Estado Plurinacional de)";"Promedio anual";"2006";"102.25";"";"[766]"
"Tipo de cambio real efectivo (TCRE)";"Brasil";"Promedio anual";"2006";"89.01";"";"[766]"
"Tipo de cambio real efectivo (TCRE)";"Chile";"Promedio anual";"2006";"95.46";"";"[766]"
"Tipo de cambio real efectivo (TCRE)";"Colombia";"Promedio anual";"2006";"101.87";"";"[766]"
"Tipo de cambio real efectivo (TCRE)";"Costa Rica";"Promedio anual";"2006";"99.59";"";"[766]"
"Tipo de cambio real efectivo (TCRE)";"Ecuador";"Promedio anual";"2006";"101.29";"";"[766]"
"Tipo de cambio real efectivo (TCRE)";"El Salvador";"Promedio anual";"2006";"100.34";"";"[766]"
"Tipo de cambio real efectivo (TCRE)";"Guatemala";"Promedio anual";"2006";"97.05";"";"[766]"
"Tipo de cambio real efectivo (TCRE)";"Honduras";"Promedio anual";"2006";"98.68";"";"[766]"
"Tipo de cambio real efectivo (TCRE)";"Jamaica";"Promedio anual";"2006";"102.05";"";"[766]"
"Tipo de cambio real efectivo (TCRE)";"México";"Promedio anual";"2006";"100.02";"";"[766]"
"Tipo de cambio real efectivo (TCRE)";"Nicaragua";"Promedio anual";"2006";"99.63";"";"[766]"
"Tipo de cambio real efectivo (TCRE)";"Panamá";"Promedio anual";"2006";"102.27";"";"[766]"
"Tipo de cambio real efectivo (TCRE)";"Paraguay";"Promedio anual";"2006";"89.21";"";"[766]"
"Tipo de cambio real efectivo (TCRE)";"Perú";"Promedio anual";"2006";"101.91";"";"[766]"
"Tipo de cambio real efectivo (TCRE)";"República Dominicana";"Promedio anual";"2006";"105.98";"";"[766]"
"Tipo de cambio real efectivo (TCRE)";"Trinidad y Tabago";"Promedio anual";"2006";"96.58";"";"[766]"
"Tipo de cambio real efectivo (TCRE)";"Uruguay";"Promedio anual";"2006";"99.07";"";"[766]"
"Tipo de cambio real efectivo (TCRE)";"Venezuela (República Bolivariana de)";"Promedio anual";"2006";"93.33";"";"[766]"
"Tipo de cambio real efectivo (TCRE)";"Barbados";"Promedio anual";"2007";"98.69";"";"[766]"
"Tipo de cambio real efectivo (TCRE)";"Bolivia (Estado Plurinacional de)";"Promedio anual";"2007";"101.77";"";"[766]"
"Tipo de cambio real efectivo (TCRE)";"Brasil";"Promedio anual";"2007";"82.78";"";"[766]"
"Tipo de cambio real efectivo (TCRE)";"Chile";"Promedio anual";"2007";"97.15";"";"[766]"
"Tipo de cambio real efectivo (TCRE)";"Colombia";"Promedio anual";"2007";"91.37";"";"[766]"
"Tipo de cambio real efectivo (TCRE)";"Costa Rica";"Promedio anual";"2007";"97.39";"";"[766]"
"Tipo de cambio real efectivo (TCRE)";"Ecuador";"Promedio anual";"2007";"106.92";"";"[766]"
"Tipo de cambio real efectivo (TCRE)";"El Salvador";"Promedio anual";"2007";"100.94";"";"[766]"
"Tipo de cambio real efectivo (TCRE)";"Guatemala";"Promedio anual";"2007";"96.42";"";"[766]"
"Tipo de cambio real efectivo (TCRE)";"Honduras";"Promedio anual";"2007";"97.53";"";"[766]"
"Tipo de cambio real efectivo (TCRE)";"Jamaica";"Promedio anual";"2007";"104.93";"";"[766]"
"Tipo de cambio real efectivo (TCRE)";"México";"Promedio anual";"2007";"100.88";"";"[766]"
"Tipo de cambio real efectivo (TCRE)";"Nicaragua";"Promedio anual";"2007";"100.36";"";"[766]"
"Tipo de cambio real efectivo (TCRE)";"Panamá";"Promedio anual";"2007";"105.81";"";"[766]"
"Tipo de cambio real efectivo (TCRE)";"Paraguay";"Promedio anual";"2007";"82.06";"";"[766]"
"Tipo de cambio real efectivo (TCRE)";"Perú";"Promedio anual";"2007";"102.6";"";"[766]"
"Tipo de cambio real efectivo (TCRE)";"República Dominicana";"Promedio anual";"2007";"105";"";"[766]"
"Tipo de cambio real efectivo (TCRE)";"Trinidad y Tabago";"Promedio anual";"2007";"94.84";"";"[766]"
"Tipo de cambio real efectivo (TCRE)";"Uruguay";"Promedio anual";"2007";"99.35";"";"[766]"
"Tipo de cambio real efectivo (TCRE)";"Venezuela (República Bolivariana de)";"Promedio anual";"2007";"84.29";"";"[766]"
"Tipo de cambio real efectivo (TCRE)";"Barbados";"Promedio anual";"2008";"97.7";"";"[766]"
"Tipo de cambio real efectivo (TCRE)";"Bolivia (Estado Plurinacional de)";"Promedio anual";"2008";"93.39";"";"[766]"
"Tipo de cambio real efectivo (TCRE)";"Brasil";"Promedio anual";"2008";"80.41";"";"[766]"
"Tipo de cambio real efectivo (TCRE)";"Chile";"Promedio anual";"2008";"97.3";"";"[766]"
"Tipo de cambio real efectivo (TCRE)";"Colombia";"Promedio anual";"2008";"87.79";"";"[766]"
"Tipo de cambio real efectivo (TCRE)";"Costa Rica";"Promedio anual";"2008";"94.07";"";"[766]"
"Tipo de cambio real efectivo (TCRE)";"Ecuador";"Promedio anual";"2008";"108.63";"";"[766]"
"Tipo de cambio real efectivo (TCRE)";"El Salvador";"Promedio anual";"2008";"101.69";"";"[766]"
"Tipo de cambio real efectivo (TCRE)";"Guatemala";"Promedio anual";"2008";"91.23";"";"[766]"
"Tipo de cambio real efectivo (TCRE)";"Honduras";"Promedio anual";"2008";"94.19";"";"[766]"
"Tipo de cambio real efectivo (TCRE)";"Jamaica";"Promedio anual";"2008";"99.17";"";"[766]"
"Tipo de cambio real efectivo (TCRE)";"México";"Promedio anual";"2008";"103.37";"";"[766]"
"Tipo de cambio real efectivo (TCRE)";"Nicaragua";"Promedio anual";"2008";"94.94";"";"[766]"
"Tipo de cambio real efectivo (TCRE)";"Panamá";"Promedio anual";"2008";"106.54";"";"[766]"
"Tipo de cambio real efectivo (TCRE)";"Paraguay";"Promedio anual";"2008";"73.81";"";"[766]"
"Tipo de cambio real efectivo (TCRE)";"Perú";"Promedio anual";"2008";"99.49";"";"[766]"
"Tipo de cambio real efectivo (TCRE)";"República Dominicana";"Promedio anual";"2008";"105.94";"";"[766]"
"Tipo de cambio real efectivo (TCRE)";"Trinidad y Tabago";"Promedio anual";"2008";"90.67";"";"[766]"
"Tipo de cambio real efectivo (TCRE)";"Uruguay";"Promedio anual";"2008";"93.25";"";"[766]"
"Tipo de cambio real efectivo (TCRE)";"Venezuela (República Bolivariana de)";"Promedio anual";"2008";"68.15";"";"[766]"
"Tipo de cambio real efectivo (TCRE)";"Barbados";"Promedio anual";"2009";"93.35";"";"[766]"
"Tipo de cambio real efectivo (TCRE)";"Bolivia (Estado Plurinacional de)";"Promedio anual";"2009";"85.47";"";"[766]"
"Tipo de cambio real efectivo (TCRE)";"Brasil";"Promedio anual";"2009";"82.3";"";"[766]"
"Tipo de cambio real efectivo (TCRE)";"Chile";"Promedio anual";"2009";"101.61";"";"[766]"
"Tipo de cambio real efectivo (TCRE)";"Colombia";"Promedio anual";"2009";"91.76";"";"[766]"
"Tipo de cambio real efectivo (TCRE)";"Costa Rica";"Promedio anual";"2009";"92.81";"";"[766]"
"Tipo de cambio real efectivo (TCRE)";"Ecuador";"Promedio anual";"2009";"100.92";"";"[766]"
"Tipo de cambio real efectivo (TCRE)";"El Salvador";"Promedio anual";"2009";"99.56";"";"[766]"
"Tipo de cambio real efectivo (TCRE)";"Guatemala";"Promedio anual";"2009";"94.38";"";"[766]"
"Tipo de cambio real efectivo (TCRE)";"Honduras";"Promedio anual";"2009";"87.12";"";"[766]"
"Tipo de cambio real efectivo (TCRE)";"Jamaica";"Promedio anual";"2009";"110.79";"";"[766]"
"Tipo de cambio real efectivo (TCRE)";"México";"Promedio anual";"2009";"117.94";"";"[766]"
"Tipo de cambio real efectivo (TCRE)";"Nicaragua";"Promedio anual";"2009";"103.41";"";"[766]"
"Tipo de cambio real efectivo (TCRE)";"Panamá";"Promedio anual";"2009";"103.47";"";"[766]"
"Tipo de cambio real efectivo (TCRE)";"Paraguay";"Promedio anual";"2009";"81.61";"";"[766]"
"Tipo de cambio real efectivo (TCRE)";"Perú";"Promedio anual";"2009";"97.78";"";"[766]"
"Tipo de cambio real efectivo (TCRE)";"República Dominicana";"Promedio anual";"2009";"110.52";"";"[766]"
"Tipo de cambio real efectivo (TCRE)";"Trinidad y Tabago";"Promedio anual";"2009";"82.71";"";"[766]"
"Tipo de cambio real efectivo (TCRE)";"Uruguay";"Promedio anual";"2009";"91.31";"";"[766]"
"Tipo de cambio real efectivo (TCRE)";"Venezuela (República Bolivariana de)";"Promedio anual";"2009";"52.3";"";"[766]"
"Tipo de cambio real efectivo (TCRE)";"Barbados";"Promedio anual";"2010";"89.53";"";"[766]"
"Tipo de cambio real efectivo (TCRE)";"Bolivia (Estado Plurinacional de)";"Promedio anual";"2010";"89.86";"";"[766]"
"Tipo de cambio real efectivo (TCRE)";"Brasil";"Promedio anual";"2010";"71.98";"";"[766]"
"Tipo de cambio real efectivo (TCRE)";"Chile";"Promedio anual";"2010";"96.25";"";"[766]"
"Tipo de cambio real efectivo (TCRE)";"Colombia";"Promedio anual";"2010";"79.29";"";"[766]"
"Tipo de cambio real efectivo (TCRE)";"Costa Rica";"Promedio anual";"2010";"82.45";"";"[766]"
"Tipo de cambio real efectivo (TCRE)";"Ecuador";"Promedio anual";"2010";"99.87";"";"[766]"
"Tipo de cambio real efectivo (TCRE)";"El Salvador";"Promedio anual";"2010";"101.18";"";"[766]"
"Tipo de cambio real efectivo (TCRE)";"Guatemala";"Promedio anual";"2010";"93.52";"";"[766]"
"Tipo de cambio real efectivo (TCRE)";"Honduras";"Promedio anual";"2010";"86.07";"";"[766]"
"Tipo de cambio real efectivo (TCRE)";"Jamaica";"Promedio anual";"2010";"98.22";"";"[766]"
"Tipo de cambio real efectivo (TCRE)";"México";"Promedio anual";"2010";"109.06";"";"[766]"
"Tipo de cambio real efectivo (TCRE)";"Nicaragua";"Promedio anual";"2010";"100.82";"";"[766]"
"Tipo de cambio real efectivo (TCRE)";"Panamá";"Promedio anual";"2010";"102.99";"";"[766]"
"Tipo de cambio real efectivo (TCRE)";"Paraguay";"Promedio anual";"2010";"80.09";"";"[766]"
"Tipo de cambio real efectivo (TCRE)";"Perú";"Promedio anual";"2010";"94.42";"";"[766]"
"Tipo de cambio real efectivo (TCRE)";"República Dominicana";"Promedio anual";"2010";"108.92";"";"[766]"
"Tipo de cambio real efectivo (TCRE)";"Trinidad y Tabago";"Promedio anual";"2010";"78.98";"";"[766]"
"Tipo de cambio real efectivo (TCRE)";"Uruguay";"Promedio anual";"2010";"79.94";"";"[766]"
"Tipo de cambio real efectivo (TCRE)";"Venezuela (República Bolivariana de)";"Promedio anual";"2010";"79.11";"";"[766]"
"Tipo de cambio real efectivo (TCRE)";"Barbados";"Promedio anual";"2011";"90.52";"";"[766]"
"Tipo de cambio real efectivo (TCRE)";"Bolivia (Estado Plurinacional de)";"Promedio anual";"2011";"89.78";"";"[766]"
"Tipo de cambio real efectivo (TCRE)";"Brasil";"Promedio anual";"2011";"69.17";"";"[766]"
"Tipo de cambio real efectivo (TCRE)";"Chile";"Promedio anual";"2011";"95.26";"";"[766]"
"Tipo de cambio real efectivo (TCRE)";"Colombia";"Promedio anual";"2011";"79.46";"";"[766]"
"Tipo de cambio real efectivo (TCRE)";"Costa Rica";"Promedio anual";"2011";"79.75";"";"[766]"
"Tipo de cambio real efectivo (TCRE)";"Ecuador";"Promedio anual";"2011";"102.35";"";"[766]"
"Tipo de cambio real efectivo (TCRE)";"El Salvador";"Promedio anual";"2011";"102.39";"";"[766]"
"Tipo de cambio real efectivo (TCRE)";"Guatemala";"Promedio anual";"2011";"89.49";"";"[766]"
"Tipo de cambio real efectivo (TCRE)";"Honduras";"Promedio anual";"2011";"85.43";"";"[766]"
"Tipo de cambio real efectivo (TCRE)";"Jamaica";"Promedio anual";"2011";"96.27";"";"[766]"
"Tipo de cambio real efectivo (TCRE)";"México";"Promedio anual";"2011";"109.06";"";"[766]"
"Tipo de cambio real efectivo (TCRE)";"Nicaragua";"Promedio anual";"2011";"105.8";"";"[766]"
"Tipo de cambio real efectivo (TCRE)";"Panamá";"Promedio anual";"2011";"103.89";"";"[766]"
"Tipo de cambio real efectivo (TCRE)";"Paraguay";"Promedio anual";"2011";"71.67";"";"[766]"
"Tipo de cambio real efectivo (TCRE)";"Perú";"Promedio anual";"2011";"96.55";"";"[766]"
"Tipo de cambio real efectivo (TCRE)";"República Dominicana";"Promedio anual";"2011";"110.29";"";"[766]"
"Tipo de cambio real efectivo (TCRE)";"Trinidad y Tabago";"Promedio anual";"2011";"79.58";"";"[766]"
"Tipo de cambio real efectivo (TCRE)";"Uruguay";"Promedio anual";"2011";"77.89";"";"[766]"
"Tipo de cambio real efectivo (TCRE)";"Venezuela (República Bolivariana de)";"Promedio anual";"2011";"69.58";"";"[766]"
"Tipo de cambio real efectivo (TCRE)";"Panamá";"Promedio anual";"1990";"77.76";"";"[766]"
"Tipo de cambio real efectivo (TCRE)";"República Dominicana";"Promedio anual";"1990";"63.11";"";"[766]"
"Tipo de cambio real efectivo (TCRE)";"Panamá";"Promedio anual";"1991";"80.53";"";"[766]"
"Tipo de cambio real efectivo (TCRE)";"República Dominicana";"Promedio anual";"1991";"67.19";"";"[766]"
"Tipo de cambio real efectivo (TCRE)";"Panamá";"Promedio anual";"1992";"83.24";"";"[766]"
"Tipo de cambio real efectivo (TCRE)";"República Dominicana";"Promedio anual";"1992";"67.71";"";"[766]"
"Tipo de cambio real efectivo (TCRE)";"Panamá";"Promedio anual";"1993";"85.13";"";"[766]"
"Tipo de cambio real efectivo (TCRE)";"República Dominicana";"Promedio anual";"1993";"66.47";"";"[766]"
"Tipo de cambio real efectivo (TCRE)";"Panamá";"Promedio anual";"1994";"87.4";"";"[766]"
"Tipo de cambio real efectivo (TCRE)";"República Dominicana";"Promedio anual";"1994";"65.63";"";"[766]"
"Tipo de cambio real efectivo (TCRE)";"República Dominicana";"Promedio anual";"1995";"63.77";"";"[766]"
"Tipo de cambio real efectivo (TCRE)";"República Dominicana";"Promedio anual";"1996";"61.84";"";"[766]"
"Tipo de cambio real efectivo (TCRE)";"República Dominicana";"Promedio anual";"1997";"62.6";"";"[766]"
"Tipo de cambio real efectivo (TCRE)";"República Dominicana";"Promedio anual";"1998";"65.44";"";"[766]"
"Tipo de cambio real efectivo (TCRE)";"República Dominicana";"Promedio anual";"1999";"114.74";"";"[766]"
"Tipo de cambio real efectivo (TCRE)";"Barbados";"Promedio anual";"2012";"89.53";"";"[766]"
"Tipo de cambio real efectivo (TCRE)";"Bolivia (Estado Plurinacional de)";"Promedio anual";"2012";"86.98";"";"[766]"
"Tipo de cambio real efectivo (TCRE)";"Brasil";"Promedio anual";"2012";"77.66";"";"[766]"
"Tipo de cambio real efectivo (TCRE)";"Chile";"Promedio anual";"2012";"94.01";"";"[766]"
"Tipo de cambio real efectivo (TCRE)";"Colombia";"Promedio anual";"2012";"76.51";"";"[766]"
"Tipo de cambio real efectivo (TCRE)";"Costa Rica";"Promedio anual";"2012";"76.63";"";"[766]"
"Tipo de cambio real efectivo (TCRE)";"Ecuador";"Promedio anual";"2012";"98.41";"";"[766]"
"Tipo de cambio real efectivo (TCRE)";"El Salvador";"Promedio anual";"2012";"103.08";"";"[766]"
"Tipo de cambio real efectivo (TCRE)";"Guatemala";"Promedio anual";"2012";"88.31";"";"[766]"
"Tipo de cambio real efectivo (TCRE)";"Honduras";"Promedio anual";"2012";"83.83";"";"[766]"
"Tipo de cambio real efectivo (TCRE)";"Jamaica";"Promedio anual";"2012";"95.32";"";"[766]"
"Tipo de cambio real efectivo (TCRE)";"México";"Promedio anual";"2012";"112.59";"";"[766]"
"Tipo de cambio real efectivo (TCRE)";"Nicaragua";"Promedio anual";"2012";"103.4";"";"[766]"
"Tipo de cambio real efectivo (TCRE)";"Panamá";"Promedio anual";"2012";"94.4";"";"[766]"
"Tipo de cambio real efectivo (TCRE)";"Paraguay";"Promedio anual";"2012";"72.98";"";"[766]"
"Tipo de cambio real efectivo (TCRE)";"Perú";"Promedio anual";"2012";"90.14";"";"[766]"
"Tipo de cambio real efectivo (TCRE)";"República Dominicana";"Promedio anual";"2012";"112.27";"";"[766]"
"Tipo de cambio real efectivo (TCRE)";"Trinidad y Tabago";"Promedio anual";"2012";"73.88";"";"[766]"
"Tipo de cambio real efectivo (TCRE)";"Uruguay";"Promedio anual";"2012";"76.31";"";"[766]"
"Tipo de cambio real efectivo (TCRE)";"Venezuela (República Bolivariana de)";"Promedio anual";"2012";"58.66";"";"[766]"
"Tipo de cambio real efectivo (TCRE)";"Barbados";"Promedio anual";"2013";"89.52";"";"[766]"
"Tipo de cambio real efectivo (TCRE)";"Bolivia (Estado Plurinacional de)";"Promedio anual";"2013";"81.66";"";"[766]"
"Tipo de cambio real efectivo (TCRE)";"Brasil";"Promedio anual";"2013";"83.08";"";"[766]"
"Tipo de cambio real efectivo (TCRE)";"Chile";"Promedio anual";"2013";"95.24";"";"[766]"
"Tipo de cambio real efectivo (TCRE)";"Colombia";"Promedio anual";"2013";"80.1";"";"[766]"
"Tipo de cambio real efectivo (TCRE)";"Costa Rica";"Promedio anual";"2013";"74.1";"";"[766]"
"Tipo de cambio real efectivo (TCRE)";"Ecuador";"Promedio anual";"2013";"96.73";"";"[766]"
"Tipo de cambio real efectivo (TCRE)";"El Salvador";"Promedio anual";"2013";"104.07";"";"[766]"
"Tipo de cambio real efectivo (TCRE)";"Guatemala";"Promedio anual";"2013";"87.24";"";"[766]"
"Tipo de cambio real efectivo (TCRE)";"Honduras";"Promedio anual";"2013";"84.8";"";"[766]"
"Tipo de cambio real efectivo (TCRE)";"Jamaica";"Promedio anual";"2013";"99.96";"";"[766]"
"Tipo de cambio real efectivo (TCRE)";"México";"Promedio anual";"2013";"106.78";"";"[766]"
"Tipo de cambio real efectivo (TCRE)";"Nicaragua";"Promedio anual";"2013";"100.1";"";"[766]"
"Tipo de cambio real efectivo (TCRE)";"Panamá";"Promedio anual";"2013";"92.28";"";"[766]"
"Tipo de cambio real efectivo (TCRE)";"Paraguay";"Promedio anual";"2013";"68.48";"";"[766]"
"Tipo de cambio real efectivo (TCRE)";"Perú";"Promedio anual";"2013";"90.56";"";"[766]"
"Tipo de cambio real efectivo (TCRE)";"República Dominicana";"Promedio anual";"2013";"115.82";"";"[766]"
"Tipo de cambio real efectivo (TCRE)";"Trinidad y Tabago";"Promedio anual";"2013";"70.88";"";"[766]"
"Tipo de cambio real efectivo (TCRE)";"Uruguay";"Promedio anual";"2013";"70.76";"";"[766]"
"Tipo de cambio real efectivo (TCRE)";"Venezuela (República Bolivariana de)";"Promedio anual";"2013";"60.32";"";"[766]"
"Tipo de cambio real efectivo (TCRE)";"Barbados";"Promedio anual";"2013";"90.88";"";"[766]"
"Tipo de cambio real efectivo (TCRE)";"Bolivia (Estado Plurinacional de)";"Promedio anual";"2013";"80.6";"";"[766]"
"Tipo de cambio real efectivo (TCRE)";"Brasil";"Promedio anual";"2013";"82.96";"";"[766]"
"Tipo de cambio real efectivo (TCRE)";"Chile";"Promedio anual";"2013";"94.92";"";"[766]"
"Tipo de cambio real efectivo (TCRE)";"Colombia";"Promedio anual";"2013";"79.01";"";"[766]"
"Tipo de cambio real efectivo (TCRE)";"Costa Rica";"Promedio anual";"2013";"73.7";"";"[766]"
"Tipo de cambio real efectivo (TCRE)";"Ecuador";"Promedio anual";"2013";"98.81";"";"[766]"
"Tipo de cambio real efectivo (TCRE)";"El Salvador";"Promedio anual";"2013";"105";"";"[766]"
"Tipo de cambio real efectivo (TCRE)";"Guatemala";"Promedio anual";"2013";"87";"";"[766]"
"Tipo de cambio real efectivo (TCRE)";"Honduras";"Promedio anual";"2013";"84.74";"";"[766]"
"Tipo de cambio real efectivo (TCRE)";"Jamaica";"Promedio anual";"2013";"100.18";"";"[766]"
"Tipo de cambio real efectivo (TCRE)";"México";"Promedio anual";"2013";"106.56";"";"[766]"
"Tipo de cambio real efectivo (TCRE)";"Nicaragua";"Promedio anual";"2013";"107.35";"";"[766]"
"Tipo de cambio real efectivo (TCRE)";"Panamá";"Promedio anual";"2013";"92.08";"";"[766]"
"Tipo de cambio real efectivo (TCRE)";"Paraguay";"Promedio anual";"2013";"72.14";"";"[766]"
"Tipo de cambio real efectivo (TCRE)";"Perú";"Promedio anual";"2013";"90.75";"";"[766]"
"Tipo de cambio real efectivo (TCRE)";"República Dominicana";"Promedio anual";"2013";"116.8";"";"[766]"
"Tipo de cambio real efectivo (TCRE)";"Trinidad y Tabago";"Promedio anual";"2013";"70.68";"";"[766]"
"Tipo de cambio real efectivo (TCRE)";"Uruguay";"Promedio anual";"2013";"73.74";"";"[766]"
"Tipo de cambio real efectivo (TCRE)";"Venezuela (República Bolivariana de)";"Promedio anual";"2013";"62.74";"";"[766]"
"Tipo de cambio real efectivo (TCRE)";"Barbados";"Promedio anual";"2013";"90.88";"";"[766]"
"Tipo de cambio real efectivo (TCRE)";"Bolivia (Estado Plurinacional de)";"Promedio anual";"2013";"80.6";"";"[766]"
"Tipo de cambio real efectivo (TCRE)";"Brasil";"Promedio anual";"2013";"82.96";"";"[766]"
"Tipo de cambio real efectivo (TCRE)";"Chile";"Promedio anual";"2013";"94.92";"";"[766]"
"Tipo de cambio real efectivo (TCRE)";"Colombia";"Promedio anual";"2013";"79.01";"";"[766]"
"Tipo de cambio real efectivo (TCRE)";"Costa Rica";"Promedio anual";"2013";"73.7";"";"[766]"
"Tipo de cambio real efectivo (TCRE)";"Ecuador";"Promedio anual";"2013";"98.81";"";"[766]"
"Tipo de cambio real efectivo (TCRE)";"El Salvador";"Promedio anual";"2013";"105";"";"[766]"
"Tipo de cambio real efectivo (TCRE)";"Guatemala";"Promedio anual";"2013";"87";"";"[766]"
"Tipo de cambio real efectivo (TCRE)";"Honduras";"Promedio anual";"2013";"84.74";"";"[766]"
"Tipo de cambio real efectivo (TCRE)";"Jamaica";"Promedio anual";"2013";"100.22";"";"[766]"
"Tipo de cambio real efectivo (TCRE)";"México";"Promedio anual";"2013";"106.56";"";"[766]"
"Tipo de cambio real efectivo (TCRE)";"Nicaragua";"Promedio anual";"2013";"107.34";"";"[766]"
"Tipo de cambio real efectivo (TCRE)";"Panamá";"Promedio anual";"2013";"92.08";"";"[766]"
"Tipo de cambio real efectivo (TCRE)";"Paraguay";"Promedio anual";"2013";"72.14";"";"[766]"
"Tipo de cambio real efectivo (TCRE)";"Perú";"Promedio anual";"2013";"90.75";"";"[766]"
"Tipo de cambio real efectivo (TCRE)";"República Dominicana";"Promedio anual";"2013";"116.8";"";"[766]"
"Tipo de cambio real efectivo (TCRE)";"Trinidad y Tabago";"Promedio anual";"2013";"70.67";"";"[766]"
"Tipo de cambio real efectivo (TCRE)";"Uruguay";"Promedio anual";"2013";"73.74";"";"[766]"
"Tipo de cambio real efectivo (TCRE)";"Venezuela (República Bolivariana de)";"Promedio anual";"2013";"62.74";"";"[766]"
"Tipo de cambio real efectivo (TCRE)";"Barbados";"Promedio anual";"2014";"89.86";"";"[766]"
"Tipo de cambio real efectivo (TCRE)";"Bolivia (Estado Plurinacional de)";"Promedio anual";"2014";"76.37";"";"[766]"
"Tipo de cambio real efectivo (TCRE)";"Brasil";"Promedio anual";"2014";"85.79";"";"[766]"
"Tipo de cambio real efectivo (TCRE)";"Chile";"Promedio anual";"2014";"105.36";"";"[766]"
"Tipo de cambio real efectivo (TCRE)";"Colombia";"Promedio anual";"2014";"84.81";"";"[766]"
"Tipo de cambio real efectivo (TCRE)";"Costa Rica";"Promedio anual";"2014";"77.4";"";"[766]"
"Tipo de cambio real efectivo (TCRE)";"Ecuador";"Promedio anual";"2014";"93.65";"";"[766]"
"Tipo de cambio real efectivo (TCRE)";"El Salvador";"Promedio anual";"2014";"105.32";"";"[766]"
"Tipo de cambio real efectivo (TCRE)";"Guatemala";"Promedio anual";"2014";"83.83";"";"[766]"
"Tipo de cambio real efectivo (TCRE)";"Honduras";"Promedio anual";"2014";"82.43";"";"[766]"
"Tipo de cambio real efectivo (TCRE)";"Jamaica";"Promedio anual";"2014";"109.37";"";"[766]"
"Tipo de cambio real efectivo (TCRE)";"México";"Promedio anual";"2014";"108.25";"";"[766]"
"Tipo de cambio real efectivo (TCRE)";"Nicaragua";"Promedio anual";"2014";"101.88";"";"[766]"
"Tipo de cambio real efectivo (TCRE)";"Panamá";"Promedio anual";"2014";"90.63";"";"[766]"
"Tipo de cambio real efectivo (TCRE)";"Paraguay";"Promedio anual";"2014";"66.35";"";"[766]"
"Tipo de cambio real efectivo (TCRE)";"Perú";"Promedio anual";"2014";"92.68";"";"[766]"
"Tipo de cambio real efectivo (TCRE)";"República Dominicana";"Promedio anual";"2014";"120.73";"";"[766]"
"Tipo de cambio real efectivo (TCRE)";"Trinidad y Tabago";"Promedio anual";"2014";"67.31";"";"[766]"
"Tipo de cambio real efectivo (TCRE)";"Uruguay";"Promedio anual";"2014";"74.87";"";"[766]"
"Tipo de cambio real efectivo (TCRE)";"Barbados";"Promedio anual";"2015";"89.42";"";"[766]"
"Tipo de cambio real efectivo (TCRE)";"Bolivia (Estado Plurinacional de)";"Promedio anual";"2015";"68.16";"";"[766]"
"Tipo de cambio real efectivo (TCRE)";"Brasil";"Promedio anual";"2015";"106.88";"";"[766]"
"Tipo de cambio real efectivo (TCRE)";"Chile";"Promedio anual";"2015";"108.85";"";"[766]"
"Tipo de cambio real efectivo (TCRE)";"Colombia";"Promedio anual";"2015";"107.32";"";"[766]"
"Tipo de cambio real efectivo (TCRE)";"Costa Rica";"Promedio anual";"2015";"73.52";"";"[766]"
"Tipo de cambio real efectivo (TCRE)";"Ecuador";"Promedio anual";"2015";"85.07";"";"[766]"
"Tipo de cambio real efectivo (TCRE)";"El Salvador";"Promedio anual";"2015";"104.69";"";"[766]"
"Tipo de cambio real efectivo (TCRE)";"Guatemala";"Promedio anual";"2015";"77.86";"";"[766]"
"Tipo de cambio real efectivo (TCRE)";"Honduras";"Promedio anual";"2015";"81.88";"";"[766]"
"Tipo de cambio real efectivo (TCRE)";"Jamaica";"Promedio anual";"2015";"117.9";"";"[766]"
"Tipo de cambio real efectivo (TCRE)";"México";"Promedio anual";"2015";"122.43";"";"[766]"
"Tipo de cambio real efectivo (TCRE)";"Nicaragua";"Promedio anual";"2015";"102.44";"";"[766]"
"Tipo de cambio real efectivo (TCRE)";"Panamá";"Promedio anual";"2015";"86.16";"";"[766]"
"Tipo de cambio real efectivo (TCRE)";"Paraguay";"Promedio anual";"2015";"67.36";"";"[766]"
"Tipo de cambio real efectivo (TCRE)";"Perú";"Promedio anual";"2015";"94.8";"";"[766]"
"Tipo de cambio real efectivo (TCRE)";"República Dominicana";"Promedio anual";"2015";"124.08";"";"[766]"
"Tipo de cambio real efectivo (TCRE)";"Trinidad y Tabago";"Promedio anual";"2015";"61.41";"";"[766]"
"Tipo de cambio real efectivo (TCRE)";"Uruguay";"Promedio anual";"2015";"77.98";"";"[766]"
""
"CEPALSTAT | Bases de Datos y Publicaciones Estadísticas. Más información: http://websie.eclac.cl/infest/ajax/cepalstat.asp"
"Datos extraidos del Datawarehouse CEPALSTAT el: Tue Apr 11 2017"
""
"FUENTES"
"ID: 766"
"DESCRIPCIÓN: División de Desarrollo Económico, sobre la base de cifras oficiales."
"URL DE PUBLICACIÓN: "
"SIGLA: CEPAL"
"URL DE ORGANIZACIÓN: http://www.cepal.org"
""